闍ｱ蜊倩ｪ・譌･譛ｬ隱樊э蜻ｳ,闍ｱ隱樊э蜻ｳ,,,,
ability,閭ｽ蜉・the quality of being able to perform; a quality that permits or facilitates achievement or accomplishment,,,,
abroad,豬ｷ螟悶∈,in a foreign country,,,
accept,蜿励￠蜈･繧後∪縺・consider or hold as true,,,,
acceptable,險ｱ螳ｹ,worthy of acceptance or satisfactory,,,
accident,莠区腐,an unfortunate mishap; especially one causing damage or injury,,,
account,繧｢繧ｫ繧ｦ繝ｳ繝・a record or narrative description of past events,,,,
achieve,謌舌＠驕ゅ￡繧・to gain with effort,,,,
across,讓ｪ蛻・▲縺ｦ,to the opposite side,,,
act,陦檎ぜ,a legal document codifying the result of deliberations of a committee or society or legislative body,,,
actually,螳滄圀,in actual fact,,,
addition,豺ｻ蜉,a component that is added to something to improve it,,,
additional,霑ｽ蜉,further or added,,,
adjective,蠖｢螳ｹ隧・a word that expresses an attribute of something,,,,
adjust,隱ｿ遽縺励∪縺・alter or regulate so as to achieve accuracy or conform to a standard,,,,
admire,雉櫁ｳ・feel admiration for,,,,
admit,隱阪ａ縺ｾ縺・declare to be true or admit the existence or reality or truth of,,,,
adult,螟ｧ莠ｺ,a fully developed person from maturity onward,,,
advanced,鬮伜ｺｦ,"move forward, also in the metaphorical sense",,,
advantage,蛻ｩ轤ｹ,the quality of having a superior or more favorable position,,,
adventure,蜀帝匱,a wild and exciting undertaking (not necessarily lawful),,,
advertisement,蠎・相,a public promotion of some product or service,,,
advertising,蠎・相,a public promotion of some product or service,,,
advice,蜉ｩ險,a proposal for an appropriate course of action,,,
advise,繧｢繝峨ヰ繧､繧ｹ,give advice to,,,
affair,莠倶ｻｶ縲∝・譚･莠・a vaguely specified concern,,,,
after,蠕後↓,located farther aft,,,
aged,閠∽ｺｺ,people who are old collectively,,,
agency,莉｣逅・ｺ・an administrative unit of government,,,,
agent,繧ｨ繝ｼ繧ｸ繧ｧ繝ｳ繝・an active and efficient cause; capable of producing a certain effect,,,,
ahead,蜈医↓,having the leading position or higher score in a contest,,,
air,遨ｺ豌・a mixture of gases (especially oxygen) required for breathing; the stuff that the wind consists of,,,,
aisle,騾夊ｷｯ,a long narrow passage (as in a cave or woods),,,
alarm,隴ｦ蝣ｱ,fear resulting from the awareness of danger,,,
alive,逕溘″縺ｦ縺・∪縺・possessing life,,,,
all,縺吶∋縺ｦ,quantifier; used with either mass or count nouns to indicate the whole number or amount of or every one of a class,,,
allow,險ｱ縺励∪縺・make it possible through a specific action or lack of action for something to happen,,,,
alone,荳莠ｺ縺ｧ,isolated from others,,,
along,豐ｿ縺｣縺ｦ,with a forward motion,,,
alright,螟ｧ荳亥､ｫ,nonstandard usage,,,
ambition,驥主ｿ・a cherished desire,,,,
amused,縺翫ｂ縺励ｍ縺後ｊ縺ｾ縺励◆,"occupy in an agreeable, entertaining or pleasant fashion",,,
amusement,繧｢繝溘Η繝ｼ繧ｺ繝｡繝ｳ繝・a feeling of delight at being entertained,,,,
ancestor,逾門・,someone from whom you are descended (but usually more remote than a grandparent),,,
ancient,蜿､莉｣,a very old person,,,
angel,螟ｩ菴ｿ,spiritual being attendant upon God,,,
angrily,諤偵▲縺ｦ,with anger,,,
ankle,雜ｳ鬥・a gliding joint between the distal ends of the tibia and fibula and the proximal end of the talus,,,,
anniversary,險伜ｿｵ譌･,the date on which an event occurred in some previous year (or the celebration of it),,,
annoy,"縺・ｉ縺・ｉ縺輔○縺ｾ縺・""cause annoyance in; disturb"," especially by minor irritations""",,,
annoying,霑ｷ諠代↑,the act of troubling or annoying someone,,,
another,蛻･縺ｮ,any of various alternatives; some other,,,
anxious,蠢・・縺励※,eagerly desirous,,,
anymore,繧ゅ・繧・at the present or from now on; usually used with a negative,,,,
anyway,縺ｨ縺ｫ縺九￥,used to indicate that a statement explains or supports a previous statement,,,
anywhere,縺ｩ縺薙〒繧・at or in or to any place; ; (`anyplace' is used informally for `anywhere'),,,,
apart,蛻･縺ｨ縺励※,remote and separate physically or socially; ; - W.H.Hudson,,,
apartment,繧｢繝代・繝・a suite of rooms usually on one floor of an apartment house,,,,
apologize,隰昴ｊ縺ｾ縺・acknowledge faults or shortcomings or failing,,,,
apparently,譏弱ｉ縺九↓,from appearances alone; ; ; -Thomas Hardy,,,
appear,迴ｾ繧後ｋ,give a certain impression or have a certain outward aspect,,,
appearance,螟冶ｦｳ,outward or visible aspect of a person or thing,,,
apply,驕ｩ逕ｨ縺励∪縺・put into service; make work or employ for a particular purpose or for its inherent or natural purpose,,,,
appointment,莉ｻ蜻ｽ,the act of putting a person into a non-elective position,,,
appreciate,諢溯ｬ昴☆繧・recognize with gratitude; be grateful for,,,,
appropriate,驕ｩ蛻・↑,give or assign a resource to a particular person or cause,,,
architecture,蟒ｺ遽・an architectural product or work,,,,
area,遽・峇,a particular geographical region of indefinite boundary (usually serving some special purpose or distinguished by its people or culture or geography),,,
argue,隲悶§縺ｾ縺・present reasons and arguments,,,,
argument,蠑墓焚,a fact or assertion offered as evidence that something is true,,,
armchair,繧｢繝ｼ繝繝√ぉ繧｢,chair with a support on each side for arms,,,
armed,豁ｦ陬・＠縺ｾ縺励◆,prepare oneself for a military confrontation,,,
around,蜻ｨ繧翫↓,in the area or vicinity,,,
artificial,莠ｺ蟾･逧・↑,contrived by art rather than nature,,,
as,縺ｪ縺ｮ縺ｧ,a very poisonous metallic element that has three allotropic forms; arsenic and arsenic compounds are used as herbicides and insecticides and various alloys; found in arsenopyrite and orpiment and realgar,,,
asleep,逵縺｣縺ｦ縺・∪縺・in a state of sleep,,,,
assistant,繧｢繧ｷ繧ｹ繧ｿ繝ｳ繝・a person who contributes to the fulfillment of a need or furtherance of an effort or purpose,,,,
association,蜊比ｼ・a formal organization of people or groups of people,,,,
astronaut,螳・ｮ咎｣幄｡悟｣ｫ,a person trained to travel in a spacecraft,,,
athlete,繧｢繧ｹ繝ｪ繝ｼ繝・a person trained to compete in sports,,,,
atom,蜴溷ｭ・(physics and chemistry) the smallest component of an element having the chemical properties of the element,,,,
attack,謾ｻ謦・(military) an offensive against an enemy (using weapons),,,,
attempt,隧ｦ縺ｿ,earnest and conscientious activity intended to do or accomplish something,,,
attention,豕ｨ諢・the process whereby a person concentrates on some features of the environment to the (relative) exclusion of others,,,,
attitude,蟋ｿ蜍｢,a complex mental state involving beliefs and feelings and values and dispositions to act in certain ways,,,
attractive,鬲・鴨逧・pleasing to the eye or mind especially through beauty or charm,,,,
audience,閨ｴ陦・a gathering of spectators or listeners at a (usually public) performance,,,,
audio,繧ｪ繝ｼ繝・ぅ繧ｪ,the audible part of a transmitted signal,,,
author,闡苓・writes (books or stories or articles or the like) professionally (for pay),,,,
automatic,繧ｪ繝ｼ繝医・繝√ャ繧ｯ,light machine gun,,,
automatically,閾ｪ蜍慕噪縺ｫ,in a reflex manner,,,
average,蟷ｳ蝮・a statistic describing the location of a distribution,,,,
avoid,驕ｿ縺代ｋ,stay clear from; keep away from; keep out of the way of someone or something,,,
award,雉・a grant made by a law court,,,,
awful,驟ｷ縺・〒縺・exceptionally bad or displeasing,,,,
back,繝舌ャ繧ｯ,the posterior part of a human (or animal) body from the neck to the end of the spine,,,
background,繝舌ャ繧ｯ繧ｰ繝ｩ繧ｦ繝ｳ繝・a person's social heritage: previous experience or training,,,,
badly,縺ｲ縺ｩ縺・to a severe or serious degree,,,,
badminton,繝舌ラ繝溘Φ繝医Φ,a game played on a court with light long-handled rackets used to volley a shuttlecock over a net,,,
bake,辟ｼ縺・cook and make edible by putting in a hot oven,,,,
balcony,繝舌Ν繧ｳ繝九・,an upper floor projecting from the rear over the main floor in an auditorium,,,
balloon,繝舌Ν繝ｼ繝ｳ,large tough nonrigid bag filled with gas or heated air,,,
bank,繝舌Φ繧ｯ,sloping land (especially the slope beside a body of water),,,
banking,繝舌Φ繧ｭ繝ｳ繧ｰ,engaging in the business of keeping money for savings and checking accounts or for exchange or for issuing loans and credit etc.,,,
barbecue,繝舌・繝吶く繝･繝ｼ,meat that has been barbecued or grilled in a highly seasoned sauce,,,
barber,蠎雁ｱ・United States composer (1910-1981),,,,
bargain,繝舌・繧ｲ繝ｳ,an agreement between parties (usually arrived at after discussion) fixing obligations of each,,,
base,繝吶・繧ｹ,installation from which a military force initiates operations,,,
basic,蝓ｺ譛ｬ逧・↑,a popular programming language that is relatively easy to learn; an acronym for beginner's all-purpose symbolic instruction code; no longer in general use,,,
basically,蝓ｺ譛ｬ逧・↓,in essence; at bottom or by one's (or its) very nature,,,
basket,繝舌せ繧ｱ繝・ヨ,a container that is usually woven and has handles,,,
batch,繝舌ャ繝・all the loaves of bread baked at the same time,,,,
battery,髮ｻ豎,group of guns or missile launchers operated together at one place,,,
bay,繝吶う,an indentation of a shoreline larger than a cove but smaller than a gulf,,,
bear,縺上∪,massive plantigrade carnivorous or omnivorous mammals with long shaggy coats and strong claws,,,
beauty,鄒弱＠縺・the qualities that give pleasure to the senses,,,,
been,"縺・""have the quality of being; (copula"," used with an adjective or a predicate noun)""",,,
beer,繝薙・繝ｫ,a general name for alcoholic beverages made by fermenting a cereal (or mixture of cereals) flavored with hops,,,
before,蜑・earlier in time; previously,,,,
beg,鬆ｼ縺ｿ縺ｾ縺・call upon in supplication; entreat,,,,
beginner,蛻晏ｿ・・someone new to a field or activity,,,,
beginning,蛻昴ａ,the event consisting of the start of something,,,
behavior,蜍穂ｽ・manner of acting or controlling yourself,,,,
being,縺ｧ縺ゅｋ縺薙→,the state or fact of existing,,,
belly,閻ｹ,the region of the body of a vertebrate between the thorax and the pelvis,,,
belong,螻槭☆繧・be owned by; be in the possession of,,,,
belt,繝吶Ν繝・endless loop of flexible material between two rotating shafts or pulleys,,,,
bench,繝吶Φ繝・a long seat for more than one person,,,,
bend,譖ｲ縺後ｊ,a circular segment of a curve,,,
besides,縺輔ｉ縺ｫ,making an additional point; anyway,,,
better,繧医ｊ繧医＞縺ｧ縺・something superior in quality or condition or effect,,,,
beyond,雜・∴縺ｦ,farther along in space or time or degree,,,
bill,繝薙Ν,a statute in draft before it becomes law,,,
bit,繝薙ャ繝・a small piece or quantity of something,,,,
bite,荳蜿｣,a wound resulting from biting by an animal or a person,,,
blackboard,鮟呈攸,sheet of slate; for writing with chalk,,,
blame,雋ｬ繧・an accusation that you are responsible for some lapse or misdeed,,,,
blanket,豈帛ｸ・bedding that keeps a person warm in bed,,,,
blonde,繝悶Ο繝ｳ繝・a person with fair skin and hair,,,,
blood,陦豸ｲ,"the fluid (red in vertebrates) that is pumped through the body by the heart and contains plasma, blood cells, and platelets",,,
bloom,蜥ｲ縺・the organic process of bearing flowers,,,,
blow,繝悶Ο繝ｼ,a powerful stroke with the fist or a weapon,,,
boil,辣ｮ縺ｾ縺・a painful sore with a hard core filled with pus,,,,
boiled,闌ｹ縺ｧ縺ｾ縺励◆,come to the boiling point and change from a liquid to vapor,,,
bonus,繝懊・繝翫せ,anything that tends to arouse,,,
bookcase,譛ｬ譽・a piece of furniture with shelves for storing books,,,,
bookshelf,譛ｬ譽・a shelf on which to keep books,,,,
bookshop,譖ｸ蠎・a shop where books are sold,,,,
bored,騾螻・cause to be bored,,,,
boss,繝懊せ,a person who exercises control over workers,,,
bother,辣ｩ繧上＠縺ｾ縺・an angry disturbance,,,,
bra,繝悶Λ繧ｸ繝｣繝ｼ,an undergarment worn by women to support their breasts,,,
brainstorm,繝悶Ξ繧､繝ｳ繧ｹ繝医・繝溘Φ繧ｰ,the clear (and often sudden) understanding of a complex situation,,,
brake,繝悶Ξ繝ｼ繧ｭ,a restraint used to slow or stop a vehicle,,,
branch,繝悶Λ繝ｳ繝・a division of some larger or more complex organization,,,,
brand,繝悶Λ繝ｳ繝・a name given to a product or service,,,,
brave,蜍・・a North American Indian warrior,,,,
break,繝悶Ξ繝ｼ繧ｯ,some abrupt occurrence that interrupts an ongoing activity,,,
breeze,鬚ｨ,a slight wind (usually refreshing),,,
bride,闃ｱ雖・a woman who has recently been married,,,,
brilliant,魄ｮ繧・°縺・of surpassing excellence,,,,
brown,隍占牡,an orange of low brightness and saturation,,,
budget,莠育ｮ・a sum of money allocated for a particular purpose,,,,
bug,繝舌げ,general term for any insect or similar creeping or crawling invertebrate,,,
bulb,繝舌Ν繝・a modified bud consisting of a thickened globular underground stem serving as a reproductive structure,,,,
burn,辯・ｄ縺・pain that feels hot as if it were on fire,,,,
bury,蝓九ａ霎ｼ繧,cover from sight,,,
bush,繝悶ャ繧ｷ繝･,a low woody perennial plant usually having several major stems,,,
businessman,繝薙ず繝阪せ繝槭Φ,a person engaged in commercial or industrial business (especially an owner or executive),,,
businesswoman,繝薙ず繝阪せ繧ｦ繝ｼ繝槭Φ,a female businessperson,,,
cab,繧ｿ繧ｯ繧ｷ繝ｼ,a compartment at the front of a motor vehicle or locomotive where driver sits,,,
cafeteria,繧ｫ繝輔ぉ繝・Μ繧｢,a restaurant where you serve yourself and pay a cashier,,,
calendar,繧ｫ繝ｬ繝ｳ繝繝ｼ,a system of timekeeping that defines the beginning and length and divisions of the year,,,
call,繧ｳ繝ｼ繝ｫ,a telephone connection,,,
camp,繧ｭ繝｣繝ｳ繝・temporary living quarters specially built by the army for soldiers,,,,
camping,繧ｭ繝｣繝ｳ繝・the act of encamping and living in tents in a camp,,,,
campus,繧ｭ繝｣繝ｳ繝代せ,a field on which the buildings of a university are situated,,,
can,縺ｧ縺阪ｋ,airtight sealed metal container for food or drink or paint etc.,,,
capital,雉・悽,assets available for use in the production of further assets,,,
captain,繧ｭ繝｣繝励ユ繝ｳ,an officer holding a rank below a major but above a lieutenant,,,
carrot,縺ｫ繧薙§繧・deep orange edible root of the cultivated carrot plant,,,,
cash,迴ｾ驥・money in the form of bills or coins,,,,
cassette,繧ｫ繧ｻ繝・ヨ,a container that holds a magnetic tape used for recording or playing sound or video,,,
castle,蝓・a large and stately mansion,,,,
cause,蜴溷屏,events that provide the generative force that is the origin of something,,,
cent,繧ｻ繝ｳ繝・a fractional monetary unit of several countries,,,,
center,繧ｻ繝ｳ繧ｿ繝ｼ,an area that is approximately central within some larger region,,,
centimeter,繧ｻ繝ｳ繝√Γ繝ｼ繝医Ν,a metric unit of length equal to one hundredth of a meter,,,
century,荳也ｴ,a period of 100 years,,,
cereal,遨迚ｩ,grass whose starchy grains are used as food: wheat; rice; rye; oats; maize; buckwheat; millet,,,
certain,荳螳・definite but not specified or identified,,,,
certainly,繧ゅ■繧阪ｓ,definitely or positively (`sure' is sometimes used informally for `surely'),,,
chain,骼・a series of things depending on each other as if linked together,,,,
chairman,莨夐聞,the officer who presides at the meetings of an organization,,,
challenge,繝√Ε繝ｬ繝ｳ繧ｸ,a demanding or stimulating situation,,,
champagne,繧ｷ繝｣繝ｳ繝代Φ,a white sparkling wine either produced in Champagne or resembling that produced there,,,
championship,繝√Ε繝ｳ繝斐が繝ｳ繧ｷ繝・・,the status of being a champion,,,
chance,讖滉ｼ・a possibility due to a favorable combination of circumstances,,,,
chapter,遶,a subdivision of a written work; usually numbered and titled,,,
chart,繝√Ε繝ｼ繝・a visual display of information,,,,
chat,繝√Ε繝・ヨ,an informal conversation,,,
cheap,螳峨＞縺ｧ縺・relatively low in price or charging low prices,,,,
check,蟆丞・謇・a written order directing a bank to pay money,,,,
cheek,鬆ｬ,either side of the face below the eyes,,,
cheer,豁灘｣ｰ,a cry or shout of approval,,,
chef,繧ｷ繧ｧ繝・a professional cook,,,,
chemical,繧ｱ繝溘き繝ｫ,material produced by or used in a reaction involving changes in atoms or molecules,,,
cheque,蟆丞・謇・a written order directing a bank to pay money,,,,
chess,繝√ぉ繧ｹ,weedy annual native to Europe but widely distributed as a weed especially in wheat,,,
chest,閭ｸ,the part of the human torso between the neck and the diaphragm or the corresponding part in other vertebrates,,,
childhood,蟄蝉ｾ帶凾莉｣,the time of person's life when they are a child,,,
chili,繝√Μ,ground beef and chili peppers or chili powder often with tomatoes and kidney beans,,,
chimpanzee,繝√Φ繝代Φ繧ｸ繝ｼ,intelligent somewhat arboreal ape of equatorial African forests,,,
chin,鬘・the protruding part of the lower jaw,,,,
chirp,繝√Ε繝ｼ繝・a sharp sound made by small birds or insects,,,,
choice,驕ｸ謚・the person or thing chosen or selected,,,,
cigarette,繧ｷ繧ｬ繝ｬ繝・ヨ,finely ground tobacco wrapped in paper; for smoking,,,
citizen,蟶よｰ・a native or naturalized member of a state or other political community,,,,
claim,隲区ｱ・an assertion of a right (as to money or property),,,,
classic,繧ｯ繝ｩ繧ｷ繝・け,a creation of the highest excellence,,,
cleaner,繧ｯ繝ｪ繝ｼ繝翫・,a preparation used in cleaning something,,,
clear,譎ｴ繧・the state of being free of suspicion,,,,
clearly,縺ｯ縺｣縺阪ｊ,without doubt or question,,,
clerk,蠎怜藤,"an employee who performs clerical work (e.g., keeps records or accounts)",,,
click,繧ｯ繝ｪ繝・け,a short light metallic sound,,,
climb,逋ｻ繧・an upward slope or grade (as in a road),,,,
climbing,繧ｯ繝ｩ繧､繝溘Φ繧ｰ,an event that involves rising to a higher point (as in altitude or temperature or intensity etc.),,,
clone,繧ｯ繝ｭ繝ｼ繝ｳ,a person who is almost identical to another,,,
clown,繝斐お繝ｭ,a rude or vulgar fool,,,
clue,謇区寺縺九ｊ,a slight indication,,,
coast,豬ｷ蟯ｸ,the shore of a sea or ocean,,,
coin,繧ｳ繧､繝ｳ,a flat metal piece (usually a disc) used as money,,,
cola,繧ｳ繝ｼ繝ｩ,large genus of African trees bearing kola nuts,,,
colorful,繧ｫ繝ｩ繝輔Ν,having striking color,,,
column,繧ｫ繝ｩ繝,a line of units following one after another,,,
comb,讚・a flat device with narrow pointed teeth on one edge; disentangles or arranges hair,,,,
comfortable,蠢ｫ驕ｩ,providing or experiencing physical well-being or relief (`comfy' is informal),,,
comic,貍ｫ逕ｻ,a professional performer who tells jokes and performs comical acts,,,
commitment,繧ｳ繝溘ャ繝医Γ繝ｳ繝・the trait of sincere and steadfast fixity of purpose,,,,
committee,蟋泌藤莨・a special group delegated to consider some matter;  - Milton Berle,,,,
common,荳闊ｬ,a piece of open land for recreational use in an urban area,,,
communicate,繧ｳ繝溘Η繝九こ繝ｼ繝・transmit information,,,,
communication,繧ｳ繝溘Η繝九こ繝ｼ繧ｷ繝ｧ繝ｳ,the activity of communicating; the activity of conveying information,,,
company,莨夂､ｾ,an institution created to conduct business,,,
comparative,豈碑ｼ・・,the comparative form of an adjective or adverb,,,
compare,豈碑ｼ・＠縺ｾ縺・qualities that are comparable,,,,
competition,繧ｳ繝ｳ繝・a business relation in which two parties compete to gain customers,,,,
complain,"譁・唱繧定ｨ縺・∪縺・""express complaints", discontent, displeasure," or unhappiness""",
complaint,闍ｦ諠・枚蜿･,an often persistent bodily disorder or disease; a cause for complaining,,,
complete,繧ｳ繝ｳ繝励Μ繝ｼ繝・come or bring to a finish or an end,,,,
composer,菴懈峇,someone who composes music as a profession,,,
concentrate,髮・ｸｭ,the desired mineral that is left after impurities have been removed from mined ore,,,
concern,諛ｸ蠢ｵ,something that interests you because it is important or affects you,,,
condition,迥ｶ諷・a state at a particular time,,,,
confident,閾ｪ菫｡繧呈戟縺｣縺ｦ,having or marked by confidence or assurance,,,
confuse,豺ｷ荵ｱ縺輔○繧・mistake one thing for another,,,,
confused,豺ｷ荵ｱ,mistake one thing for another,,,
consequence,邨先棡,a phenomenon that follows and is caused by some previous phenomenon,,,
consider,閠・∴縺ｾ縺・deem to be,,,,
consist,謌舌ｊ縺ｾ縺・originate (in),,,,
contact,騾｣邨｡蜈・close interaction,,,,
container,繧ｳ繝ｳ繝・リ,any object that can be used to hold things (especially a large metal boxlike object of standardized dimensions that can be loaded from one form of transport to another),,,
context,迺ｰ蠅・discourse that surrounds a language unit and helps to determine its interpretation,,,,
continent,螟ｧ髯ｸ,one of the large landmasses of the earth,,,
continue,"邯咏ｶ壹☆繧・""continue a certain state", condition," or activity""",,
contrast,"繧ｳ繝ｳ繝医Λ繧ｹ繝・""the opposition or dissimilarity of things that are compared; ","
control,繧ｳ繝ｳ繝医Ο繝ｼ繝ｫ,power to direct or determine
convenience,繧ｳ繝ｳ繝薙ル繧ｨ繝ｳ繧ｹ,the state of being suitable or opportune
convenient,萓ｿ蛻ｩ,suited to your comfort or purpose or needs
cooker,轤企｣ｯ蝎ｨ,a utensil for cooking
cooking,譁咏炊,the act of preparing something (as food) by the application of heat
cooler,繧ｯ繝ｼ繝ｩ繝ｼ,a refrigerator for cooling liquids
copy,繧ｳ繝斐・,a reproduction of a written record (e.g. of a legal or school record)
correctly,豁｣縺・in an accurate manner
cost,雋ｻ逕ｨ,the total spent for goods or services including money and time and labor
count,繧ｫ繧ｦ繝ｳ繝・the total number counted
country,蝗ｽ,a politically organized body of people under a single government
countryside,逕ｰ闊・rural regions
couple,繧ｫ繝・・繝ｫ,a pair who associate with one another
court,陬∝愛謇,an assembly (including one or more judges) to conduct judicial business
cover,繧ｫ繝舌・,a covering that serves to conceal or shelter something
crazy,繧ｯ繝ｬ繝ｼ繧ｸ繝ｼ,someone deranged and possibly dangerous
cream,繧ｯ繝ｪ繝ｼ繝,the best people or things in a group
create,菴懊ｊ縺ｾ縺・make or cause to be or to become
creative,蜑ｵ騾逧・having the ability or power to create
creativity,蜑ｵ騾諤ｧ,the ability to create
creature,逕溽黄,a living organism characterized by voluntary movement
credit,繧ｯ繝ｬ繧ｸ繝・ヨ,approval
cricket,繧ｯ繝ｪ繧ｱ繝・ヨ,leaping insect; male makes chirping noises by rubbing the forewings together
crime,迥ｯ鄂ｪ,(criminal law) an act punishable by law; usually considered an evil act
crisp,豁ｯ蛻・ｌ縺ｮ濶ｯ縺・〒縺・a thin crisp slice of potato fried in deep fat
criticize,謇ｹ蛻､縺励∪縺・find fault with; express criticism of; point out real or perceived flaws
cross,繧ｯ繝ｭ繧ｹ,a wooden structure consisting of an upright post with a transverse piece
crowd,鄒､髮・a large number of things or people considered together
crowded,豺ｷ髮・cause to herd", drive," or crowd together""",
crown,繧ｯ繝ｩ繧ｦ繝ｳ,the Crown (or the reigning monarch) as the symbol of the power and authority of a monarchy,,,
cruise,繧ｯ繝ｫ繝ｼ繧ｺ,an ocean trip taken for pleasure,,,
cry,豕｣縺・a loud utterance; often in protest or opposition,,,,
cupboard,鬟溷勣譽・a small room (or recess) or cabinet used for storage space,,,,
curry,繧ｫ繝ｬ繝ｼ,(East Indian cookery) a pungent dish of vegetables or meats flavored with curry powder and usually eaten with rice,,,
curse,蜻ｪ縺・profane or obscene expression usually of surprise or anger,,,,
custom,繧ｫ繧ｹ繧ｿ繝,accepted or habitual practice,,,
customer,縺雁ｮ｢讒・someone who pays for goods or services,,,,
cycling,繧ｵ繧､繧ｯ繝ｪ繝ｳ繧ｰ,the sport of traveling on a bicycle or motorcycle,,,
daily,譌･縲・a newspaper that is published every day,,,,
dam,繝繝,a barrier constructed to contain the flow of water or to keep out the sea,,,
dancer,雕翫ｊ蟄・a performer who dances professionally,,,,
danger,蜊ｱ髯ｺ,the condition of being susceptible to harm or injury,,,
dangerous,蜊ｱ髯ｺ縺ｪ,involving or causing danger or risk; liable to hurt or harm,,,
daylight,譏弱￠,the time after sunrise and before sunset while it is light outside,,,
dead,繝・ャ繝・people who are no longer living,,,,
deal,蟇ｾ蜃ｦ,a particular instance of buying or selling,,,
death,豁ｻ,the event of dying or departure from life,,,
debate,繝・ぅ繝吶・繝・a discussion in which reasons are advanced for and against some proposition or proposal,,,,
decide,"豎ｺ繧√∪縺・""reach", make," or come to a decision about something""",,
deep,豺ｱ縺・the central and most intense or profound part,,,,
deeply,豺ｱ縺・to a great depth psychologically,,,,
degree,遞句ｺｦ,a position on a scale of intensity or amount or quality,,,
delay,繝・ぅ繝ｬ繧､,time during which some action is awaited,,,
dentist,豁ｯ遘大現,a person qualified to practice dentistry,,,
depend,萓晏ｭ・be contingent upon (something that is elided),,,,
description,隱ｬ譏・a statement that represents something in words,,,,
desert,遐よｼ,arid land with little or no vegetation,,,
dessert,繝・じ繝ｼ繝・a dish served as the last course of a meal,,,,
destroy,"遐ｴ螢・""do away with"," cause the destruction or undoing of""",,,
detail,繝・ぅ繝・・繝ｫ,an isolated fact that is considered separately from the whole,,,
develop,逋ｺ螻輔＆縺帙ｋ,"make something new, such as a product or a mental or artistic creation",,,
developed,"逋ｺ螻輔＠縺・""make something new"," such as a product or a mental or artistic creation""",,,
diamond,繝繧､繝､繝｢繝ｳ繝・a transparent piece of diamond that has been cut and polished and is valued as a precious gem,,,,
diary,譌･險・a daily written record of (usually personal) experiences and observations,,,,
die,豁ｻ縺ｫ縺ｾ縺・a small cube with 1 to 6 spots on the six faces; used in gambling to generate random numbers,,,,
diet,繝繧､繧ｨ繝・ヨ,a prescribed selection of foods,,,
differently,逡ｰ縺ｪ縺｣,in another and different manner,,,
difficulty,蝗ｰ髮｣,an effort that is inconvenient,,,
dinosaur,諱千ｫ・any of numerous extinct terrestrial reptiles of the Mesozoic era,,,,
direct,逶ｴ謗･,command with authority,,,
direction,譁ｹ蜷・a line leading to a place or point,,,,
director,繝・ぅ繝ｬ繧ｯ繧ｿ繝ｼ,someone who controls resources and expenditures,,,
disadvantage,荳榊茜逶・the quality of having an inferior or less favorable position,,,,
disagree,蜷梧э,be of different opinions,,,
disappear,蟋ｿ繧呈ｶ医☆,"get lost, as without warning or explanation",,,
disappointed,螟ｱ譛・fail to meet the hopes or expectations of,,,,
disappointing,螟ｱ譛・fail to meet the hopes or expectations of,,,,
disco,繝・ぅ繧ｹ繧ｳ,popular dance music (especially in the late 1970s); melodic with a regular bass beat; intended mainly for dancing at discotheques,,,
discover,"逋ｺ隕九☆繧・""discover or determine the existence", presence," or fact of""",,
discussion,險手ｫ・an extended communication (often interactive) dealing with some particular topic,,,,
dishonest,荳肴ｭ｣逶ｴ,deceptive or fraudulent; disposed to cheat or defraud or deceive,,,
dislike,雖後＞,an inclination to withhold approval from some person or group,,,
display,陦ｨ遉ｺ,something intended to communicate a particular impression,,,
disturb,荵ｱ縺・move deeply,,,,
divide,蛻・牡,a serious disagreement between two groups of people (typically producing tension or hostility),,,
dizzy,繧√∪縺・′,make dizzy or giddy,,,
done,陦後ｏ繧・engage in,,,,
double,繝繝悶Ν,a base hit on which the batter stops safely at second base,,,
doubt,逍大撫縺ｫ諤昴≧,the state of being unsure of something,,,
down,繝繧ｦ繝ｳ,soft fine feathers,,,
download,繝繧ｦ繝ｳ繝ｭ繝ｼ繝・transfer a file or program from a central computer to a smaller computer or to a computer at a remote location,,,,
downstairs,髫惹ｸ・on or of lower floors of a building,,,,
downtown,繝繧ｦ繝ｳ繧ｿ繧ｦ繝ｳ,the central area or commercial center of a town or city,,,
draw,繝峨Ο繝ｼ,a gully that is shallower than a ravine,,,
drawer,蠑輔″蜃ｺ縺・a boxlike container in a piece of furniture; made so as to slide in and out,,,,
drawing,蝗ｳ,"an illustration that is drawn by hand and published in a book, magazine, or newspaper",,,
dream,螟｢,a series of mental images and emotions occurring during sleep,,,
dress,繝峨Ξ繧ｹ,a one-piece garment for a woman; has skirt and bodice,,,
dressed,譛阪ｒ逹縺ｦ,put on clothes,,,
drill,繝峨Μ繝ｫ,a tool with a sharp point and cutting edges for making holes in hard materials (usually rotating rapidly or by repeated blows),,,
drive,繝峨Λ繧､繝・the act of applying force to propel something,,,,
drop,關ｽ縺ｨ縺・a shape that is spherical and small,,,,
drug,阮ｬ,a substance that is used as a medicine or narcotic,,,
drugstore,阮ｬ螻,a retail shop where medicine and other articles are sold,,,
dry,繝峨Λ繧､,a reformer who opposes the use of intoxicating beverages,,,
duck,繧｢繝偵Ν,small wild or domesticated web-footed broad-billed swimming bird usually having a depressed body and short legs,,,
dust,縺ｻ縺薙ｊ,fine powdery material such as dry earth or pollen that can be blown about in the air,,,
early,譌ｩ縺・〒縺・at or near the beginning of a period of time or course of events or before the usual or expected time,,,,
earn,蠕励∪縺・earn on some commercial or business transaction; earn as salary or wages,,,,
earring,繧､繝､繝ｪ繝ｳ繧ｰ,jewelry to ornament the ear; usually clipped to the earlobe or fastened through a hole in the lobe,,,
earth,蝨ｰ逅・the 3rd planet from the sun; the planet we live on,,,,
earthquake,蝨ｰ髴・shaking and vibration at the surface of the earth resulting from underground movement along a fault plane of from volcanic activity,,,,
easily,邁｡蜊倥↓,with ease (`easy' is sometimes used informally for `easily'),,,
east,譚ｱ,the cardinal compass point that is at 90 degrees,,,
editor,邱ｨ髮・・a person responsible for the editorial aspects of publication; the person who determines the final content of a text (especially of a newspaper or magazine),,,,
education,謨呵ご,the activities of educating or instructing; activities that impart knowledge or skill,,,
educational,謨呵ご縺ｮ,relating to the process of education,,,
effect,蜉ｹ譫・a phenomenon that follows and is caused by some previous phenomenon,,,,
effort,蜉ｪ蜉・earnest and conscientious activity intended to do or accomplish something,,,,
either,縺ｩ縺｡繧峨°,after a negative statement used as an intensive meaning something like `likewise' or `also',,,
elderly,蟷ｴ驟・people who are old collectively,,,,
electric,髮ｻ豌励・,a car that is powered by electricity,,,
elephant,雎｡,five-toed pachyderm,,,
elevator,繧ｨ繝ｬ繝吶・繧ｿ繝ｼ,lifting device consisting of a platform or cage that is raised and lowered mechanically in a vertical shaft in order to move people from one floor to another in a building,,,
elsewhere,莉悶・蝣ｴ謇,in or to another place,,,
email,E繝｡繝ｼ繝ｫ,(computer science) a system of world-wide electronic communication in which a computer user can compose a message at one terminal that can be regenerated at the recipient's terminal when the recipient logs in,,,
embarrassing,諱･縺壹°縺励＞縺ｧ縺・cause to be embarrassed; cause to feel self-conscious,,,,
emergency,邱頑･,a sudden unforeseen crisis (usually involving danger) that requires immediate action,,,
empty,遨ｺ縺ｮ,a container that has been emptied,,,
encourage,螂ｨ蜉ｱ縺励∪縺・contribute to the progress or growth of,,,,
end,邨ゅｏ繧・either extremity of something that has length,,,,
endangered,邨ｶ貊・・蜊ｱ讖溘↓轢・pose a threat to; present a danger to,,,,
ending,繧ｨ繝ｳ繝・ぅ繝ｳ繧ｰ,the end of a word (a suffix or inflectional ending or final morpheme),,,
energetic,繧ｨ繝阪Ν繧ｮ繝・す繝･縺ｪ,possessing or exerting or displaying energy,,,
enormous,闔ｫ螟ｧ,extraordinarily large in size or extent or amount or power or degree; ; ; ; - Walter Lippman,,,
enough,雜ｳ繧翫ｋ,an adequate quantity; a quantity that is large enough to achieve a purpose,,,
enter,蜈･繧・to come or go into,,,,
entertainment,繧ｨ繝ｳ繧ｿ繝ｼ繝・う繝ｳ繝｡繝ｳ繝・an activity that is diverting and that holds the attention,,,,
entrance,蜈･繧雁哨,something that provides access (to get in or get out),,,
envelope,"蟆∫ｭ・""a flat (usually rectangular) container for a letter", thin package," etc.""",,
envy,鄒ｨ譛・a feeling of grudging admiration and desire to have something that is possessed by another,,,,
episode,繧ｨ繝斐た繝ｼ繝・a happening that is distinctive in a series of related events,,,,
error,繧ｨ繝ｩ繝ｼ,a wrong action attributable to bad judgment or ignorance or inattention,,,
escalator,繧ｨ繧ｹ繧ｫ繝ｬ繝ｼ繧ｿ繝ｼ,a clause in a contract that provides for an increase or a decrease in wages or prices or benefits etc. depending on certain conditions (as a change in the cost of living index),,,
escape,騾・ｌ繧・the act of escaping physically,,,,
especially,迚ｹ縺ｫ,to a distinctly greater extent or degree than is common,,,
essay,繧ｨ繝・そ繧､,an analytic or interpretive literary composition,,,
establish,遒ｺ遶九☆繧・set up or found,,,,
euro,繝ｦ繝ｼ繝ｭ,"the basic monetary unit of most members of the European Union (introduced in 1999); in 2002 twelve European nations (Germany, France, Belgium, Luxembourg, the Netherlands, Italy, Spain, Portugal, Ireland, Greece, Austria, Finland) adopted the euro as their basic unit of money and abandoned their traditional currencies",,,
even,縺輔∴,the latter part of the day (the period of decreasing daylight from late afternoon until nightfall),,,
ever,莉翫∪縺ｧ縺ｫ,at any time,,,
evidence,險ｼ諡,your basis for belief or disbelief; knowledge on which to base belief,,,
exactly,荳∝ｺｦ,indicating exactness or preciseness,,,
exam,隧ｦ鬨・a set of questions or exercises evaluating skill or knowledge,,,,
except,髯､縺阪∪縺・take exception to,,,,
exchange,荳｡譖ｿ,chemical process in which one atom or ion or group changes places with another,,,
exercise,驕句虚,the activity of exerting your muscles in various ways to keep fit,,,
exhibition,繧ｨ繧ｭ繧ｷ繝薙す繝ｧ繝ｳ,the act of exhibiting,,,
exist,縺悟ｭ伜惠,"have an existence, be extant",,,
expect,譛溷ｾ・＠縺ｾ縺・regard something as probable or likely,,,,
experience,邨碁ｨ・the accumulation of knowledge or skill that results from direct participation in events or activities,,,,
expert,蟆る摩,a person with special knowledge or ability who performs skillfully,,,
explain,隱ｬ譏弱＠縺ｾ縺・make plain and comprehensible,,,,
explanation,隱ｬ譏・a statement that makes something comprehensible by describing the relevant structure or operation or circumstances etc.,,,,
explore,隕九ｋ,inquire into,,,
express,諤･陦・mail that is distributed by a rapid and efficient system,,,,
expression,陦ｨ迴ｾ,the feelings expressed on a person's face,,,
extra,繧ｨ繧ｯ繧ｹ繝医Λ,a minor actor in crowd scenes,,,
extremely,讌ｵ繧√※,to a high degree or extent; favorably or with much respect,,,
face,髱｢,the front of the human head from the forehead to the chin and ear to ear,,,
fact,莠句ｮ・a piece of information about circumstances that exist or events that have occurred,,,,
fail,荳榊粋譬ｼ,fail to do something; leave something undone,,,
fairly,縺九↑繧・to a moderately sufficient extent or degree,,,,
fall,遘・the season when the leaves fall from the trees,,,,
familiar,繧医￥遏･繧峨ｌ縺ｦ縺・∪縺・a person attached to the household of a high official (as a pope or bishop) who renders service in return for support,,,,
fancy,繝輔ぃ繝ｳ繧ｷ繝ｼ,something many people believe that is false,,,
fantastic,繝輔ぃ繝ｳ繧ｿ繧ｹ繝・ぅ繝・け,ludicrously odd,,,
far,驕･縺・a terrorist organization that seeks to overthrow the government dominated by Tutsi and to institute Hutu control again,,,,
fare,驕玖ｳ・an agenda of things to do,,,,
fascinating,鬲・鴨逧・cause to be interested or curious,,,,
fashion,繝輔ぃ繝・す繝ｧ繝ｳ,how something is done or how it happens,,,
fault,谺髯･,a wrong action attributable to bad judgment or ignorance or inattention,,,
favor,螂ｽ諢・an act of gracious kindness,,,,
fear,諱舌ｌ,an emotion experienced in anticipation of some specific pain or danger (usually accompanied by a desire to flee or fight),,,
feather,繝輔ぉ繧ｶ繝ｼ,the light horny waterproof structure forming the external covering of birds,,,
feature,迚ｹ蠕ｴ,a prominent attribute or aspect of something,,,
fee,雋ｻ逕ｨ,a fixed charge for a privilege or for professional services,,,
feel,諢溘§縺ｾ縺・an intuitive awareness;  or,,,,
female,螂ｳ諤ｧ,an animal that produces gametes (ova) that can be fertilized by male gametes (spermatozoa),,,
fence,繝輔ぉ繝ｳ繧ｹ,a barrier that serves to enclose an area,,,
few,蟆第焚,a small elite group,,,
fiction,繝輔ぅ繧ｯ繧ｷ繝ｧ繝ｳ,a literary work based on the imagination and not necessarily on fact,,,
fighter,謌ｦ螢ｫ,someone who fights (or is fighting),,,
figure,繝輔ぅ繧ｮ繝･繧｢,a diagram or picture illustrating textual material,,,
film,譏逕ｻ,a form of entertainment that enacts a story by sound and a sequence of images giving the illusion of continuous movement,,,
final,譛蠕後・,the final match between the winners of all previous matches in an elimination tournament,,,
finally,譛邨ら噪縺ｫ,after an unspecified period of time or an especially long delay,,,
fisherman,貍∝ｸｫ,someone whose occupation is catching fish,,,
fit,繝輔ぅ繝・ヨ,a display of bad temper,,,
fix,菫ｮ豁｣,informal terms for a difficult situation,,,
flea,陏､,any wingless bloodsucking parasitic insect noted for ability to leap,,,
flight,繝輔Λ繧､繝・a formation of aircraft in flight,,,,
float,豬ｮ縺・the time interval between the deposit of a check in a bank and its payment,,,,
flood,豢ｪ豌ｴ,the rising of a body of water and its overflowing onto normally dry land,,,
flour,蟆城ｺｦ邊・fine powdery foodstuff obtained by grinding and sifting the meal of a cereal grain,,,,
fog,髴ｧ,droplets of water vapor suspended in the air near the ground,,,
folder,繝輔か繝ｫ繝,a small book usually having a paper cover,,,
follow,"蠕薙＞縺ｾ縺・""to travel behind", go after," come after""",,
fool,諢壹°閠・a person who lacks good judgment,,,,
footballer,繧ｵ繝・き繝ｼ驕ｸ謇・an athlete who plays American football,,,,
forbid,遖√§縺ｾ縺・command against,,,,
force,蜉・a powerful effect or influence,,,,
forest,譽ｮ譫・the trees and other plants in a large densely wooded area,,,,
forever,豌ｸ荵・↓,for a limitless time; ; - P.P.Bliss,,,
fork,繝輔か繝ｼ繧ｯ,cutlery used for serving and eating food,,,
fortunately,蟷ｸ驕九↑縺薙→縺ｫ,by good fortune,,,
fortune,蟷ｸ驕・an unknown and unpredictable phenomenon that causes an event to result one way rather than another,,,,
forward,蜑肴婿縺ｫ,"the person who plays the position of forward in certain games, such as basketball, soccer, or hockey",,,
frame,繝輔Ξ繝ｼ繝,the framework for a pair of eyeglasses,,,
frank,繝輔Λ繝ｳ繧ｯ,a member of the ancient Germanic peoples who spread from the Rhine into the Roman Empire in the 4th century,,,
free,閾ｪ逕ｱ,people who are free,,,
freedom,閾ｪ逕ｱ,the condition of being free; the power to act or speak or think without externally imposed restraints,,,
freeze,豌ｷ邨・the withdrawal of heat to change something from a liquid to a solid,,,,
fresh,譁ｰ魄ｮ縺ｪ,"recently made, produced, or harvested",,,
fridge,蜀ｷ阡ｵ蠎ｫ,a refrigerator in which the coolant is pumped around by an electric motor,,,
fried,謠壹￡,be excessively hot,,,
friendship,蜿区ュ,the state of being friends (or friendly),,,
frighten,諤悶′繧峨○縺ｾ縺・cause fear in,,,,
frightened,縺翫・縺・cause fear in,,,,
frightening,諤悶＞縺ｧ縺・the act of inspiring with fear,,,,
front,蜑埼擇,the side that is forward or prominent,,,
fry,遞夐ｭ・English painter and art critic (1866-1934),,,,
fully,蜊∝・,to the greatest degree or extent; completely or entirely; (`full' in this sense is used as a combining form),,,
function,髢｢謨ｰ,(mathematics) a mathematical relation such that each element of a given set (the domain of the function) is associated with an element of another set (the range of the function),,,
furniture,螳ｶ蜈ｷ,furnishings that make a room or other area ready for occupancy,,,
further,縺輔ｉ縺ｫ,promote the growth of,,,
gallery,逕ｻ蟒・spectators at a golf or tennis match,,,,
garage,繧ｬ繝ｬ繝ｼ繧ｸ,an outbuilding (or part of a building) for housing automobiles,,,
garlic,繝九Φ繝九け,bulbous herb of southern Europe widely naturalized; bulb breaks up into separate strong-flavored cloves,,,
gas,繧ｬ繧ｹ,the state of matter distinguished from the solid and liquid states by: relatively low density and viscosity; relatively great expansion and contraction with changes in pressure and temperature; the ability to diffuse readily; and the spontaneous tendency to become distributed uniformly throughout any container,,,
gate,繧ｲ繝ｼ繝・a movable barrier in a fence or wall,,,,
gather,繧ｮ繝｣繧ｶ繝ｼ,sewing consisting of small folds or puckers made by pulling tight a thread in a line of stitching,,,
gender,諤ｧ蛻･,a grammatical category in inflected languages governing the agreement between nouns and pronouns and adjectives; in some languages it is quite arbitrary but in Indo-European languages it is usually based on sex or animateness,,,
generation,荳紋ｻ｣,all the people living at the same time or of approximately the same age,,,
gentle,遨上ｄ縺・cause to be more favorably inclined; gain the good will of,,,,
given,謇荳・an assumption that is taken for granted,,,,
globe,繧ｰ繝ｭ繝ｼ繝・the 3rd planet from the sun; the planet we live on,,,,
glove,繧ｰ繝ｭ繝ｼ繝・the handwear used by fielders in playing baseball,,,,
gold,繧ｴ繝ｼ繝ｫ繝・coins made of gold,,,,
golden,繧ｴ繝ｼ繝ｫ繝・Φ,having the deep slightly brownish color of gold,,,
golf,繧ｴ繝ｫ繝・a game played on a large open course with 9 or 18 holes; the object is use as few strokes as possible in playing all the holes,,,,
good-looking,繝上Φ繧ｵ繝,pleasing in appearance especially by reason of conformity to ideals of form and proportion; ; ; ; - Thackeray; - Lillian Hellman,,,
government,謾ｿ蠎・the organization that is the governing authority of a political unit,,,,
grace,蜆ｪ鄒・(Christian theology) a state of sanctification by God; the state of one who is under such divine influence,,,,
gradually,蠕舌・↓,in a gradual manner,,,
graduate,蜊呈･ｭ,a person who has received a degree from a school (high school or college or university),,,
gram,繧ｰ繝ｩ繝,a metric unit of weight equal to one thousandth of a kilogram,,,
grandchild,蟄ｫ,a child of your son or daughter,,,
granddad,逾也宛,the father of your father or mother,,,
granddaughter,蟄ｫ螽・a female grandchild,,,,
grandson,蟄ｫ,a male grandchild,,,
granny,縺翫・縺ゅ■繧・ｓ,the mother of your father or mother,,,
grateful,諢溯ｬ昴＠縺ｾ縺・feeling or showing gratitude,,,,
greatly,螟ｧ蟷・↓,to an extraordinary extent or degree,,,
greedy,雋ｪ谺ｲ,immoderately desirous of acquiring e.g. wealth,,,
green,邱・green color or pigment; resembling the color of growing grass,,,,
grilled,辟ｼ縺・cook over a grill,,,,
guard,繧ｬ繝ｼ繝・a person who keeps watch over something or someone,,,,
guidebook,繧ｬ繧､繝峨ヶ繝・け,something that offers basic information or instruction,,,
gun,驫・a weapon that discharges a missile at high velocity (especially from a metal tube or barrel),,,,
half,繝上・繝・one of two equal parts of a divisible whole,,,,
half-price,蜊企｡・for half the price,,,,
ham,繝上Β,meat cut from the thigh of a hog (usually smoked),,,
hand,謇・the (prehensile) extremity of the superior limb,,,,
handbag,繝上Φ繝峨ヰ繝・げ,a container used for carrying money and small personal items or accessories (especially by women),,,
handicapped,髫懷ｮｳ閠・people collectively who are crippled or otherwise physically handicapped,,,,
handle,謇ｱ縺・the appendage to an object that is designed to be held in order to use or move it,,,,
happily,蟷ｸ縺帙↓,in a joyous manner,,,
happiness,蟷ｸ遖・state of well-being characterized by emotions ranging from contentment to intense joy,,,,
hardly,貍ｸ縺・only a very short time before; ; ; ; ; - W.B.Yeats,,,,
harm,螳ｳ,any physical damage to the body caused by violence or accident or fracture etc.,,,
harmful,譛牙ｮｳ,causing or capable of causing harm,,,
harmony,隱ｿ蜥・compatibility in opinion and action,,,,
harvest,蜿守ｩｫ,the yield from plants in a single growing season,,,
hate,雖後＞,the emotion of intense dislike; a feeling of dislike so strong that it demands action,,,
head,鬆ｭ,the upper part of the human body or the front part of the body in animals; contains the face and brains,,,
headphone,繝倥ャ繝峨・繝ｳ,electro-acoustic transducer for converting electric signals into sounds; it is held over or inserted into the ear,,,
heat,辭ｱ,a form of energy that is transferred by a difference in temperature,,,
heating,證匁袷,the process of becoming warmer; a rising temperature,,,
heavily,縺壹▲縺励ｊ,to a considerable degree,,,
help,蜉ｩ縺代※,the activity of contributing to the fulfillment of a need or furtherance of an effort or purpose,,,
helpful,譛臥畑,providing assistance or serving a useful function,,,
hero,繝偵・繝ｭ繝ｼ,a man distinguished by exceptional courage and nobility and strength,,,
high,鬮倥＞,a lofty level or position or degree,,,
highway,鬮倬滄％霍ｯ,a major road for any form of motor transport,,,
hike,繝上う繧ｯ,a long walk usually for exercise or pleasure,,,
hiking,繝上う繧ｭ繝ｳ繧ｰ,a long walk usually for exercise or pleasure,,,
hit,繝偵ャ繝・(baseball) a successful stroke in an athletic contest (especially in baseball),,,,
hockey,繝帙ャ繧ｱ繝ｼ,a game resembling ice hockey that is played on an open field; two opposing teams use curved sticks try to drive a ball into the opponents' net,,,
hold,繝帙・繝ｫ繝・the act of grasping,,,,
home,螳ｶ,where you live at a particular time,,,
honey,縺ｯ縺｡縺ｿ縺､,a sweet yellow liquid produced by bees,,,
honor,蜷崎ｪ・a tangible symbol signifying approval or distinction,,,,
horror,繝帙Λ繝ｼ,intense and profound fear,,,
host,繝帙せ繝・a person who invites guests to a social event (such as a party in his or her own home) and who is responsible for them while they are there,,,,
however,縺励°縺励↑縺後ｉ,despite anything to the contrary (usually following a concession),,,
hug,謚ｱ謫・a tight or amorous embrace,,,,
human,"莠ｺ髢・""any living or extinct member of the family Hominidae characterized by superior intelligence", articulate speech," and erect carriage""",,
hundred,逋ｾ,ten 10s,,,
hunter,迪溷ｸｫ,someone who hunts game,,,
hurry,諤･縺弱∪縺・a condition of urgency making it necessary to hurry,,,,
ID,ID,a state in the Rocky Mountains,,,
ill,逞・ｰ励〒,an often persistent bodily disorder or disease; a cause for complaining,,,
illegal,驕墓ｳ・prohibited by law or by official or accepted rules,,,,
image,逕ｻ蜒・an iconic mental representation,,,,
imagination,諠ｳ蜒丞鴨,the formation of a mental image of something that is not perceived as real and is not present to the senses,,,
impact,蠖ｱ髻ｿ,the striking of one body against another,,,
impatient,縺帙▲縺九■,restless or short-tempered under delay or opposition,,,
importance,驥崎ｦ∵ｧ,the quality of being important and worthy of note,,,
importantly,驥崎ｦ√↑縺薙→,in an important way or to an important degree,,,
impossible,荳榊庄閭ｽ縺ｪ,something that cannot be done,,,
impress,IMPRESS,the act of coercing someone into government service,,,
improve,謾ｹ蝟・＠縺ｾ縺・to make better,,,,
in,縺ｫ,a unit of length equal to one twelfth of a foot,,,
inch,繧､繝ｳ繝・a unit of length equal to one twelfth of a foot,,,,
include,"蜷ｫ繧√∪縺・""have as a part"," be made up out of""",,,
increase,蠅怜刈縺吶ｋ,a quantity that is added,,,
indeed,遒ｺ縺九↓,in truth (often tends to intensify),,,
independence,迢ｬ遶・freedom from control or influence of another or others,,,,
indicate,遉ｺ縺・be a signal for or a symptom of,,,,
indoor,螻句・,"located, suited for, or taking place within a building",,,
inexpensive,螳我ｾ｡縺ｪ,relatively low in price or charging low prices,,,
influence,蠖ｱ髻ｿ,a power to affect persons or events especially power based on prestige etc,,,
injure,蛯ｷ陦檎ぜ,cause injuries or bodily harm to,,,
inner,繧､繝ｳ繝翫・,"located inward; - Leonard Bernstein; - David Denby; - A.R.Gurney,Jr.",,,
insect,譏・勠,small air-breathing arthropod,,,
inside,蜀・Κ,the region that is inside of something,,,
inspiration,髴頑─,arousal of the mind to special unusual activity or creativity,,,
instant,繧､繝ｳ繧ｹ繧ｿ繝ｳ繝・a very short time (as the time it takes the eye to blink or the heart to beat),,,,
instead,縺昴・莉｣繧上ｊ,"in place of, or as an alternative to",,,
instrument,蝎ｨ譴ｰ,a device that requires skill for proper use,,,
intelligence,繧､繝ｳ繝・Μ繧ｸ繧ｧ繝ｳ繧ｹ,the ability to comprehend; to understand and profit from experience,,,
intelligent,繧､繝ｳ繝・Μ繧ｸ繧ｧ繝ｳ繝・having the capacity for thought and reason especially to a high degree,,,,
interest,髢｢蠢・a sense of concern with and curiosity about someone or something,,,,
international,繧､繝ｳ繧ｿ繝ｼ繝翫す繝ｧ繝翫Ν,any of several international socialist organizations,,,
invade,萓ｵ縺励∪縺・march aggressively into another's territory by military force for the purposes of conquest and occupation,,,,
invent,"逋ｺ譏弱＠縺ｾ縺・""come up with (an idea", plan, explanation, theory," or principle) after a mental effort"""
invention,逋ｺ譏・the creation of something in the mind,,,,
invite,諡帛ｾ・☆繧・a colloquial expression for invitation,,,,
issue,蝠城｡・an important question that is in dispute and must be settled,,,,
IT,縺昴ｌ,the branch of engineering that deals with the use of computers and telecommunications to retrieve and store and transmit information,,,
jam,豺ｷ髮代☆繧・preserve of crushed fruit,,,,
jelly,繧ｼ繝ｪ繝ｼ,an edible jelly (sweet or pungent) made with gelatin and used as a dessert or salad base or a coating for foods,,,
joke,蜀苓ｫ・〒,a humorous anecdote or remark intended to provoke laughter,,,
journey,譌・the act of traveling from one place to another,,,,
joy,蝟懊・,the emotion of great happiness,,,
junior,繧ｸ繝･繝九い,term of address for a disrespectful and annoying male,,,
junk,繧ｸ繝｣繝ｳ繧ｯ,the remains of something that has been destroyed or broken up,,,
killer,繧ｭ繝ｩ繝ｼ,someone who causes the death of a person or animal,,,
kilo,繧ｭ繝ｭ,one thousand grams; the basic unit of mass adopted under the Systeme International d'Unites,,,
kilogram,繧ｭ繝ｭ繧ｰ繝ｩ繝,one thousand grams; the basic unit of mass adopted under the Systeme International d'Unites,,,
kilometer,繧ｭ繝ｭ繝｡繝ｼ繝医Ν,a metric unit of length equal to 1000 meters (or 0.621371 miles),,,
kind,遞ｮ鬘・a category of things distinguished by some common characteristic or quality,,,,
kindly,菴募穀,showing or motivated by sympathy and understanding and generosity,,,
kingdom,邇句嵜,a domain in which something is dominant,,,
kit,繧ｭ繝・ヨ,a case for containing a set of articles,,,
knock,繝弱ャ繧ｯ,the sound of knocking (as on a door or in an engine or bearing),,,
knowledge,遏･隴・the psychological result of perception and learning and reasoning,,,,
labor,蜉ｴ蜒・a social class comprising those who do manual labor or work for wages,,,,
lack,谺螯・the state of needing something that is absent or unavailable,,,,
lake,貉・a body of (usually fresh) water surrounded by land,,,,
lamp,繝ｩ繝ｳ繝・an artificial source of visible illumination,,,,
land,蝨溷慍,the land on which real estate is located,,,
landscape,繝ｩ繝ｳ繝峨せ繧ｱ繝ｼ繝・an expanse of scenery that can be seen in a single view,,,,
lane,Lane,a narrow way or road,,,
last,譛邨・the temporal end; the concluding time,,,,
latest,譛譁ｰ,the most recent news or development,,,
latter,蠕瑚・the second of two or the second mentioned of two,,,,
law,豕募ｾ・the collection of rules imposed by authority,,,,
lawyer,蠑∬ｭｷ螢ｫ,a professional person authorized to practice law; conducts lawsuits or gives legal advice,,,
laziness,諤諠ｰ,inactivity resulting from a dislike of work,,,
lead,驩・an advantage held by a competitor in a race,,,,
learner,蟄ｦ鄙定・someone (especially a child) who learns (as from a teacher) or takes up knowledge or beliefs,,,,
least,譛菴・something that is of no importance,,,,
leather,繝ｬ繧ｶ繝ｼ,an animal skin made smooth and flexible by removing the hair and then tanning,,,
left,蟾ｦ,location near or direction toward the left side; i.e. the side to the north when a person or object faces east,,,
left-hand,蟾ｦ謇・intended for the left hand,,,,
leisure,菴呎嚊,time available for ease and relaxation,,,
lemon,繝ｬ繝｢繝ｳ,yellow oval fruit with juicy acidic flesh,,,
lemonade,繝ｬ繝｢繝阪・繝・sweetened beverage of diluted lemon juice,,,,
lend,雋ｸ縺励∪縺・bestow a quality on,,,,
less,繧ゅ▲縺ｨ蟆代↑縺・a chronic inflammatory collagen disease affecting connective tissue (skin or joints),,,,
level,繝ｬ繝吶Ν,a position on a scale of intensity or amount or quality,,,
liberty,閾ｪ逕ｱ,immunity from arbitrary exercise of authority: political independence,,,
license,繝ｩ繧､繧ｻ繝ｳ繧ｹ,a legal document giving official permission to do something,,,
lie,讓ｪ縺溘ｏ繧・a statement that deviates from or perverts the truth,,,,
lifestyle,繝ｩ繧､繝輔せ繧ｿ繧､繝ｫ,a manner of living that reflects the person's values and attitudes,,,
likely,諱舌ｉ縺・has a good chance of being the case or of coming about,,,,
lip,繝ｪ繝・・,either of two fleshy folds of tissue that surround the mouth and play a role in speaking,,,
liter,繝ｪ繝・ヨ繝ｫ,"a metric unit of capacity, formerly defined as the volume of one kilogram of pure water under standard conditions; now equal to 1,000 cubic centimeters (or approximately 1.75 pints)",,,
lively,縺ｫ縺弱ｄ縺・full of life and energy,,,,
load,雋闕ｷ,weight to be borne or conveyed,,,
local,蝨ｰ蜈・public transport consisting of a bus or train that stops at all stations or stops,,,,
lock,繝ｭ繝・け,a fastener fitted to a door or drawer to keep it firmly closed,,,
logical,隲也炊逧・capable of or reflecting the capability for correct and valid reasoning,,,,
long,髟ｷ縺・〒縺・desire strongly or persistently,,,,
loose,邱ｩ縺・〒縺・grant freedom to; free from confinement,,,,
lose,"螟ｱ縺・""fail to keep or to maintain; cease to have"," either physically or in an abstract sense""",,,
lost,螟ｱ繧上ｌ縺ｾ縺励◆,people who are destined to die soon,,,
lot,縺溘￥縺輔ｓ,(often followed by `of') a large number or amount or extent,,,
loudly,螟ｧ螢ｰ縺ｧ,with relatively high volume,,,
lover,諱倶ｺｺ,a person who loves someone or is loved by someone,,,
low,菴弱＞縺ｧ縺・an air mass of lower pressure; often brings precipitation,,,,
luckily,驕九ｈ縺・by good fortune,,,,
lunchtime,繝ｩ繝ｳ繝√ち繧､繝,the customary or habitual hour for eating lunch,,,
lyric,豁瑚ｩ・the text of a popular song or musical-comedy number,,,,
mad,諤偵▲,roused to anger; - Mark Twain,,,
magic,繝槭ず繝・け,any art that invokes supernatural powers,,,
mainly,荳ｻ縺ｫ,for the most part,,,
major,荳ｻ隕√↑,a commissioned military officer in the United States Army or Air Force or Marines; below lieutenant colonel and above captain,,,
maker,繝｡繝ｼ繧ｫ,a person who makes things,,,
make-up,蛹也ｲｧ,an event that is substituted for a previously cancelled event,,,
male,逕ｷ諤ｧ,an animal that produces gametes (spermatozoa) that can fertilize female gametes (ova),,,
mall,繝｢繝ｼ繝ｫ,a public area set aside as a pedestrian walk,,,
manage,邂｡逅・＠縺ｾ縺・be successful; achieve a goal,,,,
manager,繝槭ロ繝ｼ繧ｸ繝｣繝ｼ,someone who controls resources and expenditures,,,
manner,繧・ｊ譁ｹ,how something is done or how it happens,,,
mark,繝槭・繧ｯ,a number or letter indicating quality (especially of a student's performance),,,
market,蟶ょｴ,the world of commercial activity where goods and services are bought and sold,,,
married,譌｢蟀・a person who is married,,,,
marry,邨仙ｩ壹＠縺ｾ縺・take in marriage,,,,
marvelous,邏譎ｴ繧峨＠縺・extraordinarily good or great ; used especially as intensifiers,,,,
material,譚先侭,the tangible substance that goes into the makeup of a physical object,,,
matter,譯井ｻｶ,a vaguely specified concern,,,
max,譛螟ｧ,street names for gamma hydroxybutyrate,,,
mean,蟷ｳ蝮・an average of n numbers computed by adding some function of the numbers and dividing by some function of n,,,,
meaning,諢丞袖,the message that is intended or expressed or signified,,,
medal,繝｡繝繝ｫ,an award for winning a championship or commemorating some other event,,,
medical,蛹ｻ逋ゅ・,a thorough physical examination; includes a variety of tests depending on the age and sex and health of the person,,,
melon,繝｡繝ｭ繝ｳ,any of numerous fruits of the gourd family having a hard rind and sweet juicy flesh,,,
member,繝｡繝ｳ繝舌・,one of the persons who compose a social group (especially individuals who have joined and participate in a group organization),,,
mention,險蜿・a remark that calls attention to something or someone,,,,
menu,繝｡繝九Η繝ｼ,a list of dishes available at a restaurant,,,
metal,驥大ｱ・any of several chemical elements that are usually shiny solids that conduct heat or electricity and can be formed into sheets etc.,,,,
meter,繝｡繝ｼ繝医Ν,the basic unit of length adopted under the Systeme International d'Unites (approximately 1.094 yards),,,
method,"譁ｹ豕・""a way of doing something"," especially a systematic way; implies an orderly logical arrangement (usually in steps)""",,,
midday,豁｣蜊・the middle of the day,,,,
middle,荳ｭ髢・an area that is approximately central within some larger region,,,,
midnight,逵溷､應ｸｭ,12 o'clock at night; the middle of the night,,,
might,縺九ｂ縺励ｌ縺ｾ縺帙ｓ,physical strength,,,
military,霆堺ｺ狗噪,the military forces of a nation,,,
million,逋ｾ荳・the number that is represented as a one followed by 6 zeros,,,,
mind,繝槭う繝ｳ繝・that which is responsible for one's thoughts and feelings; the seat of the faculty of reason,,,,
mirror,髀｡,polished surface that forms images by reflecting light,,,
missing,陦梧婿荳肴・,fail to perceive or to catch with the senses or the mind,,,
mistake,髢馴＆縺・a wrong action attributable to bad judgment or ignorance or inattention,,,,
mix,繝溘ャ繧ｯ繧ｹ,a commercially prepared mixture of dry ingredients,,,
mobile,繝｢繝舌う繝ｫ,a river in southwestern Alabama; flows into Mobile Bay,,,
model,繝｢繝・Ν,a hypothetical description of a complex entity or process,,,
modern,霑台ｻ｣逧・a contemporary person,,,,
mood,豌怜・,a characteristic (habitual or relatively temporary) state of feeling,,,
mosque,繝｢繧ｹ繧ｯ,(Islam) a Muslim place of worship that usually has a minaret,,,
most,譛繧・(superlative of `many' used with count nouns and often preceded by `the') quantifier meaning the greatest in number,,,,
mostly,螟ｧ蜊・in large part; mainly or chiefly,,,,
motorway,鬮倬滄％霍ｯ,a broad highway designed for high-speed traffic,,,
move,蜍輔″,the act of deciding to do something,,,
Ms.,MS縲・a form of address for a woman,,,,
mug,繝槭げ,the quantity that can be held in a mug,,,
murder,谿ｺ莠ｺ,unlawful premeditated killing of a human being by a human being,,,
museum,蜊夂黄鬢ｨ,a depository for collecting and displaying objects having scientific or historical or artistic value,,,
mushroom,繧ｭ繝弱さ,common name for an edible agaric (contrasting with the inedible toadstool),,,
musical,繝溘Η繝ｼ繧ｸ繧ｫ繝ｫ,a play or film whose action and dialogue is interspersed with singing and dancing,,,
mysterious,逾樒ｧ倡噪,of an obscure nature; ; ; ; - Rachel Carson,,,
mystery,逾樒ｧ・something that baffles understanding and cannot be explained,,,,
napkin,繝翫・繧ｭ繝ｳ,a small piece of table linen that is used to wipe the mouth and to cover the lap in order to protect clothing,,,
nation,蝗ｽ螳ｶ,a politically organized body of people under a single government,,,
national,蝗ｽ豌・a person who owes allegiance to that nation,,,,
native,繝阪う繝・ぅ繝・an indigenous person who was born in a particular place,,,,
natural,繝翫メ繝･繝ｩ繝ｫ,someone regarded as certain to succeed,,,
nature,閾ｪ辟ｶ,the essential qualities or characteristics by which something is recognized,,,
nearly,縺ｻ縺ｨ繧薙←,(of actions or states) slightly short of or not quite accomplished; all but,,,
necessary,蠢・ｦ・anything indispensable,,,,
need,蠢・ｦ・a condition requiring relief,,,,
negative,雋,a reply of denial,,,
nervous,繝翫・繝舌せ,easily agitated,,,
net,繝阪ャ繝・a computer network consisting of a worldwide network of computer networks that use the TCP/IP network protocols to facilitate data transmission and exchange,,,,
next,谺｡,immediately following in time or order,,,
nobody,縺繧後ｂ,a person of no influence,,,
noisy,縺・ｋ縺輔＞,full of or characterized by loud and nonmusical sounds,,,
noon,豁｣蜊・the middle of the day,,,,
normal,豁｣蟶ｸ,something regarded as a normative example,,,
north,蛹・the region of the United States lying to the north of the Mason-Dixon line,,,,
notice,騾夂衍,"an announcement containing information about an event; ; ; ""a notice of sale",,,
noun,"蜷崎ｩ・""a content word that can be used to refer to a person", place, thing, quality," or action"""
novel,蟆剰ｪｬ,an extended fictional work in prose; usually in the form of a story,,,
nowadays,譛霑・the period of time that is happening now; any continuous stretch of time including the moment of speech,,,,
oak,繧ｪ繝ｼ繧ｯ,the hard durable wood of any oak; used especially for furniture and flooring,,,
occupation,閨ｷ讌ｭ,the principal activity in your life that you do to earn money,,,
off,繧ｪ繝・kill intentionally and with premeditation,,,,
offer,謠蝉ｾ・the verbal act of offering,,,,
official,蜈ｬ蠑・a worker who holds or is invested with an office,,,,
oil,豐ｹ,a slippery or viscous liquid or liquefiable substance not miscible with water,,,
Olympic,繧ｪ繝ｪ繝ｳ繝斐ャ繧ｯ,of or relating to the Olympic Games,,,
omelet,繧ｪ繝繝ｬ繝・beaten eggs or an egg mixture cooked until just set; may be folded around e.g. ham or cheese or jelly,,,,
on,繧ｪ繝ｳ,in operation or operational,,,
one,1,the smallest whole number or a numeral representing this number,,,
onion,邇峨・縺・the bulb of an onion plant,,,,
online,繧ｪ繝ｳ繝ｩ繧､繝ｳ,on a regular route of a railroad or bus or airline system,,,
operate,"謫堺ｽ懊＠縺ｾ縺・""direct or control; projects", businesses," etc.""",,
opinion,諢剰ｦ・a personal belief or judgment that is not founded on proof or certainty,,,,
opportunity,讖滉ｼ・a possibility due to a favorable combination of circumstances,,,,
oppose,蜿榊ｯｾ縺励∪縺・be against; express opposition to,,,,
opposite,騾・・,"a word that expresses a meaning opposed to the meaning of another word, in which case the two words are antonyms of each other",,,
order,"豕ｨ譁・""(often plural) a command given by a superior (e.g."," a military or law enforcement officer) that must be obeyed""",,,
organize,謨ｴ逅・create (as an entity),,,,
organized,邨・ｹ斐＆繧後◆,create (as an entity),,,
original,蜈・・,"an original creation (i.e., an audio recording) from which copies can be made",,,
orphan,蟄､蜈・a child who has lost both parents,,,,
other,莉悶・,not the same one or ones already mentioned or implied; - the White Queen,,,
outside,螟門・,the region that is outside of something,,,
oven,繧ｪ繝ｼ繝悶Φ,kitchen appliance used for baking or roasting,,,
over,繧ｪ繝ｼ繝舌・,(cricket) the division of play during which six balls are bowled at the batsman by one player from the other team from the same end of the pitch,,,
overseas,豬ｷ螟悶・,in a foreign country,,,
overweight,驕朱㍾,the property of excessive fatness,,,
own,閾ｪ蛻・・,have ownership or possession of,,,
pacific,繝代す繝輔ぅ繝・け,the largest ocean in the world,,,
pack,繝代ャ繧ｯ,a large indefinite number,,,
painter,逕ｻ螳ｶ,an artist who paints,,,
pal,蜿倶ｺｺ,a close friend who accompanies his buddies in their activities,,,
pan,繝代Φ,cooking utensil consisting of a wide metal vessel,,,
panic,繝代ル繝・け,an overwhelming feeling of fear and anxiety,,,
park,繝代・繧ｯ,a large area of land preserved in its natural state as public property,,,
part,驛ｨ,something determined in relation to something that includes it,,,
partly,荳驛ｨ縺ｫ,in part; in some degree; not wholly,,,
pass,繝代せ,(baseball) an advance to first base by a batter who receives four balls,,,
passage,騾夊ｷｯ,the act of passing from one state or place to the next,,,
passenger,譌・ｮ｢,a traveler riding in a vehicle (a boat or bus or car or plane or train etc) who is not operating it,,,
pasta,繝代せ繧ｿ,a dish that contains pasta as its main ingredient,,,
path,驕・a course of conduct,,,,
patient,謔｣閠・a person who requires medical care,,,,
PC,繝代・繧ｽ繝翫Ν繧ｳ繝ｳ繝斐Η繝ｼ繧ｿ,a small digital computer based on a microprocessor and designed to be used by one person at a time,,,
pea,繧ｨ繝ｳ繝峨え,seed of a pea plant used for food,,,
peaceful,蟷ｳ遨・not disturbed by strife or turmoil or war,,,,
pear,譴ｨ,sweet juicy gritty-textured fruit available in many varieties,,,
pence,繝壹Φ繧ｹ,a fractional monetary unit of Ireland and the United Kingdom; equal to one hundredth of a pound,,,
pepper,繧ｳ繧ｷ繝ｧ繧ｦ,climber having dark red berries (peppercorns) when fully ripe; southern India and Sri Lanka; naturalized in northern Burma and Assam,,,
perfect,繝代・繝輔ぉ繧ｯ繝・a tense of verbs used in describing action that has been completed (sometimes regarded as perfective aspect),,,,
perfectly,螳悟・縺ｫ,completely and without qualification; used informally as intensifiers,,,
perform,陦後＞縺ｾ縺・carry out or perform an action,,,,
performance,貍泌･・a dramatic or musical entertainment,,,,
perfume,鬥呎ｰｴ,a distinctive odor that is pleasant,,,
perhaps,螟壼・,by chance,,,
permission,險ｱ蜿ｯ,approval to do something,,,
personality,莠ｺ,"the complex of all the attributes--behavioral, temperamental, emotional and mental--that characterize a unique individual",,,
petrol,繧ｬ繧ｽ繝ｪ繝ｳ,a volatile flammable mixture of hydrocarbons (hexane and heptane and octane etc.) derived from petroleum; used mainly as a fuel in internal-combustion engines,,,
photograph,蜀咏悄,a representation of a person or scene in the form of a print or transparent slide; recorded by a camera on light-sensitive material,,,
photographer,蜀咏悄螳ｶ,someone who takes photographs professionally,,,
photography,蜀咏悄陦・the act of taking and printing photographs,,,,
physical,迚ｩ逅・噪,involving the body as distinguished from the mind or spirit,,,
physically,迚ｩ逅・噪縺ｫ,in accord with physical laws,,,
pile,繝代う繝ｫ,a collection of objects laid on top of each other,,,
pilgrim,蟾｡遉ｼ閠・someone who journeys in foreign lands,,,,
pill,繝斐Ν,something that resembles a tablet of medicine in shape or size,,,
pilot,繝代う繝ｭ繝・ヨ,someone who is licensed to operate an aircraft in flight,,,
pink,繝斐Φ繧ｯ,a light shade of red,,,
pity,蜩繧後∩,a feeling of sympathy and sorrow for the misfortunes of others,,,
planet,諠第弌,"(astronomy) any of the nine large celestial bodies in the solar system that revolve around the sun and shine by reflected light; Mercury, Venus, Earth, Mars, Jupiter, Saturn, Uranus, Neptune, and Pluto in order of their proximity to the sun; viewed from the constellation Hercules, all the planets rotate around the sun in a counterclockwise direction",,,
plant,蟾･蝣ｴ,buildings for carrying on industrial labor,,,
plastic,繝励Λ繧ｹ繝√ャ繧ｯ,generic name for certain synthetic or semisynthetic materials that can be molded or extruded into objects or films or filaments or used for making e.g. coatings and adhesives,,,
plate,繝励Ξ繝ｼ繝・(baseball) base consisting of a rubber slab where the batter stands; it must be touched by a base runner in order to score,,,,
playful,驕翫・蠢・full of fun and high spirits,,,,
playground,驕翫・蝣ｴ,an area where many people go for recreation,,,
pleasant,讌ｽ縺励＞縺ｧ縺・affording pleasure; being in harmony with your taste or likings,,,,
pleased,蝟懊ｓ縺ｧ,give pleasure to or be pleasing to,,,
pleasing,蠢ｫ驕ｩ,the act of one who pleases,,,
plenty,雎雁ｯ・a full supply,,,,
plural,隍・焚,the form of a word that is used to denote more than one,,,
plus,繝励Λ繧ｹ,a useful or valuable quality,,,
point,繝昴う繝ｳ繝・a geometric element that has position but no extension,,,,
police,隴ｦ蟇・the force of policemen and officers,,,,
policeman,隴ｦ螳・a member of a police force,,,,
policewoman,蟀ｦ隴ｦ,a woman policeman,,,
polite,荳∝ｯｧ,"showing regard for others in manners, speech, behavior, etc.",,,
political,謾ｿ豐ｻ逧・involving or characteristic of politics or parties or politicians; - Daniel Goleman,,,,
pollute,豎壽沒,make impure,,,
popular,"莠ｺ豌励・縺ゅｊ縺ｾ縺・""regarded with great favor", approval," or affection especially by the general public""",,
population,莠ｺ蜿｣,the people who inhabit a territory or state,,,
portrait,閧門ワ逕ｻ,a word picture of a person's appearance and character,,,
position,繝昴ず繧ｷ繝ｧ繝ｳ,the particular portion of space occupied by something,,,
possible,蜿ｯ閭ｽ,something that can be done,,,
possibly,縺翫◎繧峨￥,by chance,,,
post,蠖ｹ閨ｷ,the position where someone (as a guard or sentry) stands or is assigned to stand,,,
pour,豕ｨ縺・cause to run,,,,
power,繝代Ρ繝ｼ,possession of controlling influence,,,
powerful,蠑ｷ縺・〒縺・having great power or force or potency or effect,,,,
precise,邊ｾ蟇・sharply exact or accurate or delimited,,,,
predict,莠域ｸｬ縺励∪縺・make a prediction about; tell in advance,,,,
prediction,莠域ｸｬ,the act of predicting (as by reasoning about the future),,,
prefer,螂ｽ繧,like better; value more highly,,,
prepare,"菴懊ｊ縺ｾ縺・""make ready or suitable or equip in advance for a particular purpose or for some use", event," etc""",,
pressure,蝨ｧ蜉・the force applied to a unit area of surface; measured in pascals (SI unit) or in dynes (cgs unit),,,,
pretend,蛛ｽ繧翫∪縺・the enactment of a pretense,,,,
pretty,蜿ｯ諢帙＞,pleasing by delicacy or grace; not imposing,,,
prevent,髦ｲ縺・keep from happening or arising; make impossible,,,,
pride,隱・ｊ,a feeling of self-respect and personal worth,,,
principal,荳ｻ隕√↑,the original amount of a debt on which interest is calculated,,,
print,"繝励Μ繝ｳ繝・""the text appearing in a book", newspaper," or other printed publication""",,
printer,繝励Μ繝ｳ繧ｿ,someone whose occupation is printing,,,
private,豌鷹俣,an enlisted man of the lowest rank in the Army or Marines,,,
pro,繝励Ο,an athlete who plays for pay,,,
probably,螟壼・,with considerable certainty; without much doubt,,,
produce,菴懃黄,fresh fruits and vegetable grown for the market,,,
product,陬ｽ蜩・commodities offered for sale,,,,
production,陬ｽ騾,the act or process of producing something,,,
professional,繝励Ο繝輔ぉ繝・す繝ｧ繝翫Ν,a person engaged in one of the learned professions,,,
progressive,繝励Ο繧ｰ繝ｬ繝・す繝・a tense of verbs used in describing action that is on-going,,,,
promise,邏・據縺吶ｋ,a verbal commitment by one person to another agreeing to do (or not to do) something in the future,,,
pronounce,逋ｺ髻ｳ縺吶ｋ,"speak, pronounce, or utter in a certain way",,,
pronunciation,逋ｺ髻ｳ,the manner in which someone utters a word,,,
proper,驕ｩ蛻・↑,marked by suitability or rightness or appropriateness,,,
provide,萓帷ｵｦ縺吶ｋ,give something useful or necessary to,,,
psychologist,蠢・炊蟄ｦ閠・a scientist trained in psychology,,,,
public,蜈ｬ陦・people in general considered as a whole,,,,
publish,蜃ｺ迚医＠縺ｾ縺・put into print,,,,
pull,蠑輔￥,the act of pulling; applying force to move something toward or with you,,,
punctuation,蜿･隱ｭ,something that makes repeated and regular interruptions or divisions,,,
purple,邏ｫ縺ｮ,a purple color or pigment,,,
purpose,逶ｮ逧・an anticipated outcome that is intended or that guides your planned actions,,,,
pursue,豎ゅａ縺ｾ縺・carry out or participate in an activity; be involved in,,,,
quality,蜩∬ｳｪ,an essential and distinguishing attribute of something or someone; --Shakespeare,,,
queen,螂ｳ邇・the only fertile female in a colony of social insects such as bees and ants and termites; its function is to lay eggs,,,,
quick,騾溘＞縺ｧ縺・any area of the body that is highly sensitive to pain (as the flesh underneath the skin or a fingernail or toenail),,,,
quietly,髱吶°縺ｫ,with low volume,,,
quit,邨ゆｺ・☆繧・put an end to a state or an activity,,,,
quite,縺九↑繧・to a degree (not used with a negative),,,,
quiz,繧ｯ繧､繧ｺ,an examination consisting of a few short questions,,,
racket,繝ｩ繧ｱ繝・ヨ,a loud and disturbing noise,,,
raincoat,繝ｬ繧､繝ｳ繧ｳ繝ｼ繝・a water-resistant coat,,,,
raise,繝ｬ繧､繧ｺ,the amount a salary is increased,,,
range,遽・峇,an area in which something acts or operates or has power or control:,,,
rap,繝ｩ繝・・,a reproach for some lapse or misdeed,,,
rate,蜑ｲ蜷・a magnitude or frequency relative to a time unit,,,,
rather,縺九↑繧・on the contrary,,,,
rating,譬ｼ莉倥￠,an appraisal of the value of something,,,
raw,逕・informal terms for nakedness,,,,
ray,繝ｬ繧､,a column of light (as from a beacon),,,
reach,繝ｪ繝ｼ繝・the limits within which something can be effective,,,,
realize,豌嶺ｻ倥￥,be fully aware or cognizant of,,,
receipt,鬆伜庶譖ｸ,the act of receiving,,,
receive,蜿励￠蜿悶ｊ縺ｾ縺・get something; come into possession of,,,,
recent,"譛霑・""approximately the last 10","000 years""",,,
recently,譛霑・in the recent past,,,,
receptionist,蜿嶺ｻ・a secretary whose main duty is to answer the telephone and receive visitors,,,,
record,險倬鹸,anything (such as a document or a phonograph record or a photograph) providing permanent evidence of or information about past events,,,
recycle,繝ｪ繧ｵ繧､繧ｯ繝ｫ,cause to repeat a cycle,,,
red,襍､,red color or pigment; the chromatic color resembling the hue of blood,,,
refer,蜿ら・縺励∪縺・make reference to,,,,
reflect,蜿榊ｰ・☆繧・manifest or bring back,,,,
refrigerator,蜀ｷ阡ｵ蠎ｫ,white goods in which food can be stored at low temperatures,,,
regret,蠕梧ｔ,sadness associated with some wrong done or some disappointment,,,
regular,螳壽悄逧・↑,a regular patron,,,
regularly,螳壽悄逧・↓,in a regular manner,,,
relax,繝ｪ繝ｩ繝・け繧ｹ,"become less tense, rest, or take one's ease",,,
relaxed,繝ｪ繝ｩ繝・け繧ｹ,"become less tense, rest, or take one's ease",,,
release,隗｣髯､,merchandise issued for sale or public showing (especially a record or film),,,
remain,谿九ｊ縺ｾ縺・stay the same; remain in a certain state,,,,
remind,諤昴＞蜃ｺ縺輔○縺ｾ縺・put in the mind of someone,,,,
remote,驕髫・a device that can be used to control a machine or apparatus from a distance,,,,
rent,"螳ｶ雉・""a payment or series of payments made by the lessee to an owner for use of some property", facility, equipment," or service""",
repair,菫ｮ蠕ｩ,the act of putting something in working order again,,,
replace,鄂ｮ縺肴鋤縺医∪縺・substitute a person or thing for (another that is broken or inefficient or lost or no longer working or yielding what is expected),,,,
reply,蠢懃ｭ・a statement (either spoken or written) that is made to reply to a question or request or criticism or accusation,,,,
report,蝣ｱ蜻翫☆繧・a written document describing the findings of some individual or group,,,,
represent,莉｣陦ｨ縺励∪縺・take the place of or be parallel or equivalent to,,,,
request,繝ｪ繧ｯ繧ｨ繧ｹ繝・a formal message requesting something that is submitted to an authority,,,,
research,遐皮ｩｶ,systematic investigation to establish facts,,,
response,蠢懃ｭ・a result,,,,
retire,蠑暮縺励∪縺・go into retirement; stop performing one's work or withdraw from one's position,,,,
retired,蠑暮縺励∪縺励◆,go into retirement; stop performing one's work or withdraw from one's position,,,
return,繝ｪ繧ｿ繝ｼ繝ｳ,document giving the tax collector information about the taxpayer's tax liability,,,
reunion,蜀堺ｼ・a party of former associates who have come together again,,,,
reveal,譏弱ｉ縺九↓縺吶ｋ,make visible,,,
rhythm,繝ｪ繧ｺ繝,the basic rhythmic unit in a piece of music,,,
right,豁｣縺励＞,an abstract idea of that which is due to a person or governmental body by law or tradition or nature; ; - Eleanor Roosevelt,,,
right-hand,蜿ｳ謇・located on or directed toward the right,,,,
ring,繝ｪ繝ｳ繧ｰ,a characteristic sound,,,
road,驕楢ｷｯ,an open way (generally public) for travel or transportation,,,
roast,繝ｭ繝ｼ繧ｹ繝・a piece of meat roasted or for roasting and of a size for slicing into more than one portion,,,,
rob,螂ｪ縺・∪縺・take something away by force or without the consent of the owner,,,,
robbery,蠑ｷ逶・larceny by threat of violence,,,,
robin,繝ｭ繝薙Φ,small Old World songbird with a reddish breast,,,
rock,蟯ｩ,a lump or mass of hard consolidated mineral matter,,,
roll,繝ｭ繝ｼ繝ｫ,rotary motion of an object around its own axis,,,
romance,繝ｭ繝槭Φ繧ｹ,a relationship between two lovers,,,
romantic,繝ｭ繝槭Φ繝√ャ繧ｯ,a soulful or amorous idealist,,,
roof,繝ｫ繝ｼ繝・a protective covering that covers or forms the top of a building,,,,
root,繝ｫ繝ｼ繝・(botany) the usually underground organ that lacks buds or leaves or nodes; absorbs water and mineral salts; usually it anchors the plant to the ground,,,,
rope,繝ｭ繝ｼ繝・a strong line,,,,
roughly,縺翫♀繧医◎,(of quantities) imprecise but fairly close to correct,,,
round,蜀・ｽ｢,a charge of ammunition for a single shot,,,
roundabout,霑る□,a road junction at which traffic streams circularly around a central island,,,
royal,邇狗ｫ・a sail set next above the topgallant on a royal mast,,,,
rugby,繝ｩ繧ｰ繝薙・,a form of football played with an oval ball,,,
ruin,遐ｴ貊・an irrecoverable state of devastation and destruction,,,,
rumor,蝎・gossip (usually a mixture of truth and untruth) passed around by word of mouth,,,,
runner,繝ｩ繝ｳ繝翫・,someone who imports or exports without paying duties,,,
running,繝ｩ繝ｳ繝九Φ繧ｰ,(American football) a play in which a player attempts to carry the ball through or past the opposing team,,,
rush,繝ｩ繝・す繝･,the act of moving hurriedly and in a careless manner,,,
sadly,謔ｲ縺励￡縺ｫ,in an unfortunate way,,,
safe,螳牙・,strongbox where valuables can be safely kept,,,
sailing,蟶・ｵｰ,the work of a sailor,,,
sake,驟・a reason for wanting something done,,,,
salt,蝪ｩ,a compound formed by replacing hydrogen in an acid by a metal (or a radical that acts like a metal),,,
sample,繧ｵ繝ｳ繝励Ν,a small part of something intended as representative of the whole,,,
sandy,遐ゅ・,of hair color; pale yellowish to yellowish brown,,,
satisfy,貅雜ｳ縺輔○繧・meet the requirements or expectations of,,,,
sauce,繧ｽ繝ｼ繧ｹ,flavorful relish or dressing or topping served as an accompaniment to food,,,
sausage,繧ｽ繝ｼ繧ｻ繝ｼ繧ｸ,highly seasoned minced meat stuffed in casings,,,
scale,隕乗ｨ｡,an ordered reference standard,,,
scarf,繧ｹ繧ｫ繝ｼ繝・a garment worn around the head or neck or shoulders for warmth or decoration,,,,
scene,繧ｷ繝ｼ繝ｳ,the place where some action occurs,,,
scenery,鬚ｨ譎ｯ,the painted structures of a stage set that are intended to suggest a particular locale,,,
schedule,繧ｹ繧ｱ繧ｸ繝･繝ｼ繝ｫ,a temporally organized plan for matters to be attended to,,,
schoolchild,蟆丞ｭｦ逕・a young person attending school (up through senior high school),,,,
schoolwork,蟄ｦ譬｡縺ｮ蜍牙ｼｷ,a school task performed by a student to satisfy the teacher,,,
scientific,遘大ｭｦ逧・of or relating to the practice of science,,,,
scissors,縺ｯ縺輔∩,an edge tool having two crossed pivoting blades,,,
scream,謔ｲ魑ｴ,sharp piercing cry,,,
screen,逕ｻ髱｢,a white or silvered surface where pictures can be projected for viewing,,,
screw,繧ｹ繧ｯ繝ｪ繝･繝ｼ,someone who guards prisoners,,,
script,閼壽悽,a written version of a play or other dramatic composition; used in preparing for a performance,,,
seafood,繧ｷ繝ｼ繝輔・繝・edible fish (broadly including freshwater fish) or shellfish or roe etc,,,,
search,謗｢縺・the activity of looking thoroughly in order to find something or someone,,,,
seaside,繧ｷ繝ｼ繧ｵ繧､繝・the shore of a sea or ocean regarded as a resort,,,,
second,隨ｬ2,1/60 of a minute; the basic unit of time adopted under the Systeme International d'Unites,,,
secret,遘伜ｯ・something that should remain hidden from others (especially information that is not to be passed on),,,,
secretary,遘俶嶌,a person who is head of an administrative department of government,,,
seed,繧ｷ繝ｼ繝・a small hard fruit,,,,
seek,豎ゅａ繧・the movement of a read/write head to a specific data track on a disk,,,,
seem,諤昴ｏ繧後ｋ,give a certain impression or have a certain outward aspect,,,
semester,蟄ｦ譛・one of two divisions of an academic year,,,,
send,騾∽ｿ｡,cause to go somewhere,,,
senior,荳顔ｴ・an undergraduate student during the year preceding graduation,,,,
sense,諢溯ｦ・a general conscious awareness,,,,
separate,蛻・￠繧・a separately printed article that originally appeared in a larger publication,,,,
seriously,縺ｲ縺ｩ縺・in a serious manner,,,,
serve,繧ｵ繝ｼ繝・(sports) a stroke that puts the ball in play,,,,
set,繧ｻ繝・ヨ縺吶ｋ,a group of things of the same kind that belong together and are so used,,,
several,縺・￥縺､縺九・,(used with count nouns) of an indefinite number more than 2 or 3 but not many,,,
sew,邵ｫ縺・fasten by sewing; do needlework,,,,
shade,繧ｷ繧ｧ繝ｼ繝・relative darkness caused by light rays being intercepted by an opaque body,,,,
shadow,蠖ｱ,shade within clear boundaries,,,
shampoo,繧ｷ繝｣繝ｳ繝励・,cleansing agent consisting of soaps or detergents used for washing the hair,,,
shape,蠖｢迥ｶ,any spatial attributes (especially as defined by outline),,,
share,繧ｷ繧ｧ繧｢,assets belonging to or due to or contributed by an individual person or group,,,
shell,繧ｷ繧ｧ繝ｫ,ammunition consisting of a cylindrical metal casing containing an explosive charge and a projectile; fired from a large gun,,,
shine,霈昴￥,the quality of being bright and sending out rays of light,,,
shock,繧ｷ繝ｧ繝・け,the feeling of distress and disbelief that you have when something bad happens accidentally,,,
shoot,繧ｷ繝･繝ｼ繝・a new branch,,,,
shore,蟯ｸ,the land along the edge of a body of water,,,
short,繧ｷ繝ｧ繝ｼ繝・the location on a baseball field where the shortstop is stationed,,,,
shot,繧ｷ繝ｧ繝・ヨ,the act of firing a projectile,,,
shout,蜿ｫ縺ｳ,a loud utterance; often in protest or opposition,,,
show,蜈ｬ貍・the act of publicly exhibiting or entertaining,,,,
shut,繧ｷ繝｣繝・ヨ,move so that an opening or passage is obstructed; make shut,,,
sightseeing,隕ｳ蜈・going about to look at places of interest,,,,
significant,驥崎ｦ・important in effect or meaning,,,,
silence,豐磯ｻ・the state of being silent (as when no one is speaking),,,,
silently,髱吶°縺ｫ,without speaking,,,
silly,縺ｰ縺九￡縺ｾ縺励◆,a word used for misbehaving children,,,
silver,驫,a soft white precious univalent metallic element having the highest electrical and thermal conductivity of any metal; occurs in argentite and in free form; used in coins and jewelry and tableware and photography,,,
similar,蜷梧ｧ倥・,marked by correspondence or resemblance,,,
simple,繧ｷ繝ｳ繝励Ν,any herbaceous plant having medicinal properties,,,
simply,蜊倥↓,and nothing more,,,
singing,豁後≧縺薙→,the act of singing vocal music,,,
single,繧ｷ繝ｳ繧ｰ繝ｫ,a base hit on which the batter stops safely at first base,,,
singular,迚ｹ逡ｰ縺ｪ,the form of a word that is used to denote a singleton,,,
sink,繧ｷ繝ｳ繧ｯ,plumbing fixture consisting of a water basin fixed to a wall or floor and having a drainpipe,,,
situation,迥ｶ豕・the general state of things; the combination of circumstances at a given time; ; ; - Franklin D.Roosevelt,,,,
skate,繧ｹ繧ｱ繝ｼ繝・sports equipment that is worn on the feet to enable the wearer to glide along and to be propelled by the alternate actions of the legs,,,,
skateboarding,繧ｹ繧ｱ繝ｼ繝医・繝ｼ繝・the sport of skating on a skateboard,,,,
skating,繧ｹ繧ｱ繝ｼ繝・the sport of gliding on skates,,,,
ski,繧ｹ繧ｭ繝ｼ,narrow wood or metal or plastic runners used in pairs for gliding over snow,,,
skiing,繧ｹ繧ｭ繝ｼ,a sport in which participants must travel on skis,,,
slave,螂ｴ髫ｷ,a person who is owned by someone,,,
sleepless,逵繧後∪縺帙ｓ,experiencing or accompanied by sleeplessness; ; ; ; - Shakespeare,,,
sleepy,逵縺・〒縺・ready to fall asleep,,,,
slice,繧ｹ繝ｩ繧､繧ｹ,a share of something,,,
slide,貊代ｊ蜿ｰ,a small flat rectangular piece of glass on which specimens can be mounted for microscopic study,,,
slim,繧ｹ繝ｪ繝,take off weight,,,
slowly,繧・▲縺上ｊ,without speed (`slow' is sometimes used informally for `slowly'),,,
smoke,辣・a cloud of fine particles suspended in a gas,,,,
smooth,貊代ｉ縺・the act of smoothing,,,,
smoothly,縺ｪ繧√ｉ縺九↓,with no problems or difficulties,,,
snack,繧ｹ繝翫ャ繧ｯ,a light informal meal,,,
snow,髮ｪ,precipitation falling from clouds in the form of ice crystals,,,
snowboarding,繧ｹ繝弱・繝懊・繝・the act of sliding down a snow-covered slope while standing on a snowboard,,,,
so,縺昴≧,the syllable naming the fifth (dominant) note of any musical scale in solmization,,,
soap,遏ｳ鮖ｸ,a cleansing agent made from the salts of vegetable or animal fats,,,
society,遉ｾ莨・an extended social group having a distinctive cultural and economic organization,,,,
sock,髱ｴ荳・hosiery consisting of a cloth covering for the foot; worn inside the shoe; reaches to between the ankle and the knee,,,,
soda,繧ｽ繝ｼ繝,a sodium salt of carbonic acid; used in making soap powders and glass and paper,,,
soft,譟斐ｉ縺九＞,yielding readily to pressure or weight,,,
softly,縺昴▲縺ｨ,with low volume,,,
software,繧ｽ繝輔ヨ繧ｦ繧ｧ繧｢,(computer science) written programs or procedures or rules and associated documentation pertaining to the operation of a computer system and that are stored in read/write memory,,,
soldier,蜈ｵ螢ｫ,an enlisted man or woman who serves in an army,,,
solution,隗｣豎ｺ,a homogeneous mixture of two or more substances; frequently (but not necessarily) a liquid solution,,,
somebody,隱ｰ縺・a human being,,,,
someday,菴墓凾縺・some unspecified time in the future,,,,
somewhere,菴募・縺・an indefinite or unknown location,,,,
sound,髻ｳ,the particular auditory effect produced by a given cause,,,
source,繧ｽ繝ｼ繧ｹ,"the place where something begins, where it springs into being",,,
south,蜊・the region of the United States lying to the south of the Mason-Dixon line,,,,
space,繧ｹ繝壹・繧ｹ,the unlimited expanse in which everything is located,,,
spaceship,螳・ｮ呵飴,a spacecraft designed to carry a crew into interstellar space (especially in science fiction),,,
spaghetti,繧ｹ繝代ご繝・ユ繧｣,spaghetti served with a tomato sauce,,,
speaker,繧ｹ繝斐・繧ｫ繝ｼ,someone who expresses in language; someone who talks (especially someone who delivers a public speech or someone especially garrulous),,,
specific,譏守｢ｺ縺ｪ,a fact about some part (as opposed to general),,,
speed,騾溷ｺｦ,distance travelled per unit time,,,
spell,繧ｹ繝壹Ν,a psychological state induced by (or as if induced by) a magical incantation,,,
spill,貅｢豬・liquid that is spilled,,,,
splash,繧ｹ繝励Λ繝・す繝･,the sound like water splashing,,,
split,繧ｹ繝励Μ繝・ヨ,extending the legs at right angles to the trunk (one in front and the other in back),,,
spoon,繧ｹ繝励・繝ｳ,a piece of cutlery with a shallow bowl-shaped container and a handle; used to stir or serve or take up food,,,
spread,諡｡螟ｧ,process or result of distributing or extending over a wide expanse of space,,,
square,蟷ｳ譁ｹ,(geometry) a plane rectangle with four equal sides and four right angles; a four-sided regular polygon,,,
stadium,繧ｹ繧ｿ繧ｸ繧｢繝,a large structure for open-air sports or entertainments,,,
staff,繧ｹ繧ｿ繝・ヵ,personnel who assist their superior in carrying out an assigned task,,,
stair,髫取ｮｵ,support consisting of a place to rest the foot while ascending or descending a stairway,,,
stamp,蛻・焔,the distinctive form in which a thing is made,,,
stand,繧ｹ繧ｿ繝ｳ繝・a support or foundation,,,,
state,迥ｶ諷・the territory occupied by one of the constituent administrative districts of a nation,,,,
statement,繧ｹ繝・・繝医Γ繝ｳ繝・a message that is stated or declared; a communication (oral or written) setting forth particulars or facts etc,,,,
statue,遶句ワ,a sculpture representing a human or animal,,,
steak,繧ｹ繝・・繧ｭ,a slice of meat cut from the fleshy part of an animal or large fish,,,
steal,繧ｹ繝√・繝ｫ,an advantageous purchase,,,
step,繧ｹ繝・ャ繝・any maneuver made as part of progress toward a goal,,,,
still,繧・・繧・a static photograph (especially one taken from a movie and used for advertising purposes),,,,
stomach,閭・an enlarged and muscular saclike organ of the alimentary canal; the principal organ of digestion,,,,
stomachache,閻ｹ逞・an ache localized in the stomach or abdominal region,,,,
storm,蠏・a violent weather condition with winds 64-72 knots (11 on the Beaufort scale) and precipitation and thunder and lightning,,,,
stove,繧ｹ繝医・繝・a kitchen appliance used for cooking food,,,,
straight,縺ｾ縺｣縺吶＄,a heterosexual person; someone having a sexual orientation to persons of the opposite sex,,,
stranger,繧ｹ繝医Ξ繝ｳ繧ｸ繝｣繝ｼ,anyone who does not belong in the environment in which they are found,,,
strategy,謌ｦ逡･,an elaborate and systematic plan of action,,,
strength,蜉・the property of being physically or mentally strong,,,,
strike,謾ｻ謦・a group's refusal to work in protest against low pay or bad work conditions,,,,
string,繧ｹ繝医Μ繝ｳ繧ｰ,a lightweight cord,,,
strongly,蠑ｷ縺・with strength or in a strong manner,,,,
structure,讒矩,a thing constructed; a complex entity constructed of many parts,,,
study,隱ｿ譟ｻ,a detailed critical inspection,,,
stuff,繧ｹ繧ｿ繝・ヵ,the tangible substance that goes into the makeup of a physical object,,,
style,繧ｹ繧ｿ繧､繝ｫ,how something is done or how it happens,,,
succeed,謌仙粥縺励∪縺・attain success or reach a desired goal,,,,
success,謌仙粥,an event that accomplishes its intended purpose,,,
successfully,縺・∪縺・with success; in a successful manner,,,,
such,縺昴・繧医≧縺ｪ,of so extreme a degree or extent,,,
sudden,遯∫┯,happening without warning or in a short space of time,,,
suggest,"謠先｡医＠縺ｾ縺・""make a proposal"," declare a plan for something""",,,
suit,繧ｹ繝ｼ繝・a set of garments (usually including a jacket and trousers or skirt) for outerwear all of the same fabric and color,,,,
suitable,驕ｩ蠖・meant or adapted for an occasion or use,,,,
suitcase,繧ｹ繝ｼ繝・こ繝ｼ繧ｹ,a portable rectangular container for carrying clothes,,,
summary,讎りｦ・a brief statement that presents the main points in a concise form,,,,
sunflower,蜷第律闡ｵ,any plant of the genus Helianthus having large flower heads with dark disk florets and showy yellow rays,,,
sunglasses,繧ｵ繝ｳ繧ｰ繝ｩ繧ｹ,spectacles that are darkened or polarized to protect the eyes from the glare of the sun,,,
sunlight,譌･蜈・the rays of the sun,,,,
superlative,譛荳顔ｴ・an exaggerated expression (usually of praise),,,,
superstar,繧ｹ繝ｼ繝代・繧ｹ繧ｿ繝ｼ,someone who is dazzlingly skilled in any field,,,
supper,譎ｩ鬢・a light evening meal; served in early evening if dinner is at midday or served late in the evening at bedtime,,,,
support,繧ｵ繝昴・繝・the activity of providing for or maintaining by supplying with money or necessities,,,,
sure,謇ｿ遏･縺励∪縺励◆,having or feeling no doubt or uncertainty; confident and assured,,,
surf,繧ｵ繝ｼ繝・waves breaking on the shore,,,,
surfing,繧ｵ繝ｼ繝輔ぅ繝ｳ,the sport of riding a surfboard toward the shore on the crest of a wave,,,
surname,蟋・the name used to identify the members of a family (as distinguished from each member's given name),,,,
surprised,鬩壹″縺ｾ縺励◆,cause to be surprised,,,
surprising,鬩壹￥縺ｹ縺・cause to be surprised,,,,
survive,逕溘″谿九ｊ縺ｾ縺・continue to live through hardship or adversity,,,,
swallow,鬟ｲ縺ｿ霎ｼ繧,a small amount of liquid food,,,
sweat,豎・salty fluid secreted by sweat glands,,,,
sweater,繧ｻ繝ｼ繧ｿ繝ｼ,a crocheted or knitted garment covering the upper part of the body,,,
sweet,逕倥＞,English phonetician; one of the founders of modern phonetics (1845-1912),,,
sweetheart,諱倶ｺｺ,a person loved by another person,,,
swimsuit,豌ｴ逹,tight fitting garment worn for swimming,,,
symbol,繧ｷ繝ｳ繝懊Ν,an arbitrary sign (written or printed) that has acquired a conventional significance,,,
symphony,莠､髻ｿ譖ｲ,a long and complex sonata for symphony orchestra,,,
system,繧ｷ繧ｹ繝・Β,instrumentality that combines interrelated interacting artifacts designed to work as a coherent entity,,,
tablespoon,繝・・繝悶Ν繧ｹ繝励・繝ｳ,as much as a tablespoon will hold,,,
talent,謇崎・,natural abilities or qualities,,,
tap,繧ｿ繝・・,the sound made by a gentle blow,,,
tape,繝・・繝・a long thin piece of cloth or paper as used for binding or fastening,,,,
target,逶ｮ讓・a reference point to shoot at,,,,
task,莉穂ｺ・any piece of work that is undertaken or attempted,,,,
tear,豸・a drop of the clear salty saline solution secreted by the lacrimal glands,,,,
teenage,繝・ぅ繝ｼ繝ｳ繧ｨ繧､繧ｸ,being of the age 13 through 19,,,
teenager,繝・ぅ繝ｼ繝ｳ繧ｨ繧､繧ｸ繝｣繝ｼ,a juvenile between the onset of puberty and maturity,,,
telephone,髮ｻ隧ｱ,electronic equipment that converts sound into electrical signals that can be transmitted over distances and then converts received signals back into sounds,,,
temperature,貂ｩ蠎ｦ,the degree of hotness or coldness of a body or environment (corresponding to its molecular activity),,,
terrify,縺翫・縺医＆縺帙∪縺・fill with terror; frighten greatly,,,,
terrorist,繝・Ο繝ｪ繧ｹ繝・a radical who employs terror as a political weapon; usually organizes with other terrorists in small cells; often uses religion as a cover for terrorist activities,,,,
text,繝・く繧ｹ繝・the words of something written,,,,
textbook,謨咏ｧ第嶌,a book prepared for use in schools or colleges,,,
therefore,謨・↓,(used to introduce a logical conclusion) from that fact or reason or as a result,,,
thief,豕･譽・a criminal who takes property belonging to someone else with the intention of keeping it or selling it,,,,
third,荳臥分,one of three equal parts of a divisible whole,,,
thirsty,蝟峨′貂・＞縺・needing moisture,,,,
though,縺ｫ繧ゅ°縺九ｏ繧峨★,(postpositive) however,,,
thought,諤晄Φ,the content of cognition; the main thing you are thinking about,,,
thousand,蜊・the cardinal number that is the product of 10 and 100,,,,
throw,繧ｹ繝ｭ繝ｼ,the act of throwing (propelling something with a rapid movement of the arm and wrist),,,
thunderstorm,髮ｷ髮ｨ,a storm resulting from strong rising air currents; heavy rain or hail along with thunder and lightning,,,
tidy,謨ｴ鬆・receptacle that holds odds and ends (as sewing materials),,,,
tie,繝阪け繧ｿ繧､,neckwear consisting of a long narrow piece of material worn (mostly by men) under a collar and tied in knot at the front,,,
tights,繧ｿ繧､繝・skintight knit hose covering the body from the waist to the feet worn by acrobats and dancers and as stockings by women and girls,,,,
till,霑・unstratified soil deposited by a glacier; consists of sand and clay and gravel and boulders mixed together,,,,
timetable,譎ょ綾陦ｨ,a schedule listing events and the times at which they will take place,,,
tip,繝偵Φ繝・the extreme end of something; especially something pointed,,,,
title,鬘悟錐,a heading that names a statute or legislative bill; may give a brief summary of the matters it deals with,,,
toast,繝医・繧ｹ繝・slices of bread that have been toasted,,,,
toe,雜ｳ縺ｮ謖・one of the digits of the foot,,,,
tone,繝医・繝ｳ,the quality of a person's voice,,,
tonight,莉頑勦,the present or immediately coming night,,,
toothache,豁ｯ逞・an ache localized in or around a tooth,,,,
toothbrush,豁ｯ繝悶Λ繧ｷ,small brush; has long handle; used to clean teeth,,,
tour,譌・｡・a journey or route all the way around a particular place or area,,,,
tourist,繝・・繝ｪ繧ｹ繝・someone who travels for pleasure,,,,
track,霑ｽ霍｡,a line or route along which something travels or moves,,,
trade,繝医Ξ繝ｼ繝・the commercial exchange (buying and selling on domestic or international markets) of goods and services,,,,
tradition,莨晉ｵｱ,an inherited pattern of thought or action,,,
traditional,莨晉ｵｱ逧・↑,consisting of or derived from tradition,,,
traffic,繝医Λ繝輔ぅ繝・け,the aggregation of things (pedestrians or vehicles) coming and going in a particular locality during a specified period of time,,,
train,蛻苓ｻ・public transport provided by a line of railway cars coupled together and drawn by a locomotive,,,,
training,繝医Ξ繝ｼ繝九Φ繧ｰ,activity leading to skilled behavior,,,
tram,繝医Λ繝,a conveyance that transports passengers or freight in carriers suspended from cables and supported by a series of towers,,,
trap,繝医Λ繝・・,a device in which something (usually an animal) can be caught and penned,,,
travel,繝医Λ繝吶Ν,the act of going from one place to another,,,
traveler,譌・｡瑚・a person who changes location,,,,
treasure,螳・accumulated wealth in the form of money or jewels etc.,,,,
trick,鬨吶☆,a cunning or deceitful action or device,,,
trouble,繝医Λ繝悶Ν,a source of difficulty,,,
truly,逵溘↓,in accordance with truth or fact or reality,,,
trust,菫｡鬆ｼ,something (as property) held by one party (the trustee) for the benefit of another (the beneficiary),,,
truth,逵溷ｮ・a fact that has been verified,,,,
try,隧ｦ縺励∪縺・earnest and conscientious activity intended to do or accomplish something,,,,
tune,譖ｲ,a succession of notes forming a distinctive sequence,,,
twice,莠悟屓,two times,,,
uncertain,荳咲｢ｺ螳・lacking or indicating lack of confidence or assurance,,,,
uncomfortable,荳榊ｿｫ縺ｪ,conducive to or feeling mental discomfort,,,
understand,逅・ｧ｣縺吶ｋ,know and comprehend the nature or meaning of,,,
underwater,豌ｴ荳ｭ,beneath the surface of the water,,,
uneasy,荳榊ｮ・lacking a sense of security or affording no ease or reassurance,,,,
unfair,繧｢繝ｳ繝輔ぉ繧｢,not fair; marked by injustice or partiality or deception,,,
unforgettable,蠢倥ｌ繧峨ｌ縺ｪ縺・impossible to forget,,,,
unfortunately,荳埼°縺ｫ繧・by bad luck,,,,
unhappy,荳榊ｹｸ,experiencing or marked by or causing sadness or sorrow or discontent,,,
unhealthy,荳榊▼蠎ｷ,not in or exhibiting good health in body or mind,,,
uniform,繝ｦ繝九ヵ繧ｩ繝ｼ繝,clothing of distinctive design worn by members of a particular group as a means of identification,,,
unimportant,驥崎ｦ√〒縺ゅｊ縺ｾ縺帙ｓ,not important,,,
unit,蜊倅ｽ・any division of quantity accepted as a standard of measurement or exchange,,,,
university,螟ｧ蟄ｦ,the body of faculty and students at a university,,,
unknown,繧上°繧峨↑縺・an unknown and unexplored region,,,,
unlike,逡ｰ縺ｪ繧翫・marked by dissimilarity,,,,
unnecessary,荳崎ｦ・not necessary,,,,
unpleasant,荳榊ｿｫ,"disagreeable to the senses, to the mind, or feelings",,,
unusual,迴阪＠縺・〒縺・not usual or common or ordinary,,,,
up,繧｢繝・・,raise,,,
upset,蜍墓昭,an unhappy and worried mental state,,,
upstairs,莠碁嚴,the part of a building above the ground floor,,,
use,菴ｿ逕ｨ縺吶ｋ,the act of using,,,
used,荳ｭ蜿､,put into service; make work or employ for a particular purpose or for its inherent or natural purpose,,,
useful,譛臥畑,being of use or service,,,
usual,荳闊ｬ,occurring or encountered or experienced or observed frequently or in accordance with regular practice or procedure,,,
valley,隹ｷ,a long depression in the surface of the land that usually contains a river,,,
value,蛟､,a numerical quantity measured or assigned or computed,,,
verb,蜍戊ｩ・the word class that serves as the predicate of a sentence,,,,
view,隕九ｋ,a way of regarding situations or topics etc.,,,
village,譚・a community of people smaller than a town,,,,
violent,豼縺励＞縺ｧ縺・acting with or marked by or resulting from great force or energy or emotional intensity,,,,
violin,繝舌う繧ｪ繝ｪ繝ｳ,bowed stringed instrument that is the highest member of the violin family; this instrument has four strings and a hollow body and an unfretted fingerboard and is played with a bow,,,
visitor,繝薙ず繧ｿ繝ｼ,someone who visits,,,
vocabulary,蜊倩ｪ・a listing of the words used in some enterprise,,,,
voice,繝懊う繧ｹ,the distinctive quality or pitch or condition of a person's speech,,,
walking,繧ｦ繧ｩ繝ｼ繧ｭ繝ｳ繧ｰ,the act of traveling by foot,,,
wallet,雋｡蟶・a pocket-size case for holding papers and paper money,,,,
wander,繝ｯ繝ｳ繝,"move about aimlessly or without any destination, often in search of food or employment",,,
washing-up,鬟溷勣豢励＞,the washing of dishes etc after a meal,,,
wave,豕｢,one of a series of ridges that moves across the surface of a liquid (especially across a large body of water),,,
weak,蠑ｱ縺・wanting in physical strength,,,,
wealth,蟇・the state of being rich and affluent; having a plentiful supply of material goods and money,,,,
web,繧ｦ繧ｧ繝・an intricate network suggesting something that was formed by weaving or interweaving,,,,
website,繧ｦ繧ｧ繝悶し繧､繝・a computer connected to the internet that maintains a series of web pages on the World Wide Web,,,,
wedding,邨仙ｩ壼ｼ・the social event at which the ceremony of marriage is performed,,,,
weekday,蟷ｳ譌･,any day except Sunday (and sometimes except Saturday),,,
weekly,繧ｦ繧｣繝ｼ繧ｯ繝ｪ繝ｼ,a periodical that is published every week (or 52 issues per year),,,
weep,"繧ｦ繧｣繝ｼ繝・""shed tears because of sadness", rage," or pain""",,
weigh,驥上ｊ縺ｾ縺・have a certain weight,,,,
weight,驥埼㍼,the vertical force exerted by a mass as a result of gravity,,,
well-known,繧医￥遏･繧峨ｌ縺ｦ縺・∪縺・widely or fully known,,,,
west,隘ｿ,the countries of (originally) Europe and (now including) North America and South America,,,
wet,縺ｬ繧後∪縺励◆,wetness caused by water,,,
whatever,縺ｪ繧薙〒繧・one or some or every or all without specification,,,,
wheelchair,霆頑､・ｭ・a movable chair mounted on large wheels; for invalids or those who cannot walk; frequently propelled by the occupant,,,,
while,蜷梧凾縺ｫ,a period of indeterminate length (usually short) marked by some action or condition,,,
whole,蜈ｨ菴・all of something including all its component elements or parts,,,,
wide,繝ｯ繧､繝・having great (or a certain) extent from one side to the other,,,,
widely,蠎・￥,to a great degree,,,
wild,驥守函,a wild primitive state untouched by civilization,,,
windy,鬚ｨ縺ｮ蜷ｹ縺阪∪縺・abounding in or exposed to the wind or breezes,,,,
wine,繝ｯ繧､繝ｳ,fermented juice (of grapes especially),,,
winner,蜍晁・the contestant who wins the contest,,,,
wisdom,遏･諱ｵ,accumulated knowledge or erudition or enlightenment,,,
wise,雉｢縺・a way of doing or being,,,,
wish,鬘倥＞,a specific feeling of desire,,,
within,莉･蜀・↓,on the inside,,,
wonder,繝ｯ繝ｳ繝繝ｼ,the feeling aroused by something strange and surprising,,,
wood,譛ｨ譚・the hard fibrous lignified substance under the bark of trees,,,,
wooden,譛ｨ陬ｽ,made or consisting of (entirely or in part) or employing wood,,,
wool,繧ｦ繝ｼ繝ｫ,a fabric made from the hair of sheep,,,
worldwide,荳也阜逧・↓,spanning or extending throughout the entire world,,,
worried,蠢・・,"be worried, concerned, anxious, troubled, or uneasy",,,
worry,蠢・・,something or someone that causes anxiety; a source of unhappiness,,,
worse,縺輔ｉ縺ｫ謔ｪ縺・〒縺・something inferior in quality or condition or effect,,,,
worst,譛謔ｪ,the least favorable outcome,,,
writing,譖ｸ縺崎ｾｼ縺ｿ,the act of creating written works,,,
wrong,驕輔≧,that which is contrary to the principles of justice or law,,,
yeah,縺医∴,"not only so, but",,,
youth,闍･閠・a young person (especially a young man or boy),,,,
zone,繧ｾ繝ｼ繝ｳ,a locally circumscribed place characterized by some distinctive features,,,
