英単語,日本語意味
abandon,放棄します
ability,能力
able,できます
abortion,中絶
about,約
above,上記
abroad,海外へ
absence,不在
absolute,絶対の
absolutely,全く
absorb,吸収する
abuse,乱用
academic,アカデミック
accept,受け入れます
access,アクセス
accident,事故
accompany,添えます
accomplish,成し遂げます
according,従っ
account,アカウント
accurate,正確
accuse,訴えます
achieve,成し遂げる
achievement,成果
acid,酸
acknowledge,認める
acquire,取得
across,横切って
act,行為
action,アクション
active,アクティブ
activist,活動家
activity,アクティビティ
actor,俳優
actress,女優
actual,実際の
actually,実際
ad,広告
adapt,適応する
add,追加
addition,添加
additional,追加
address,住所
adequate,十分な
adjust,調節します
adjustment,調整
administration,行政
administrator,管理者
admire,賞賛
admission,入場
admit,認めます
adolescent,思春期
adopt,採用
adult,大人
advance,前進
advanced,高度
advantage,利点
adventure,冒険
advertising,広告
advice,助言
advise,アドバイス
adviser,顧問
advocate,提唱する
affair,事件、出来事
affect,影響を及ぼす
afford,与えます
afraid,恐れ
African,アフリカの
African-American,アフリカ系アメリカ人
after,後に
afternoon,午後
again,再び
against,に対して
age,年齢
agency,代理店
agenda,議題
agent,エージェント
aggressive,アグレッシブ
ago,前
agree,一致します
agreement,契約
agricultural,農業の
ah,ああ
ahead,先に
aid,援助
aide,副官
AIDS,AIDS
aim,目的
air,空気
aircraft,航空機
airline,エアライン
airport,空港
album,アルバム
alcohol,アルコール
alive,生きています
all,すべて
alliance,アライアンス
allow,許します
ally,味方
almost,ほとんど
alone,一人で
along,沿って
already,既に
also,さらに
alter,ALTER
alternative,選択肢
although,であるが
always,常に
AM,AM
amazing,素晴らしいです
American,アメリカン
among,間で
amount,量
analysis,分析
analyst,アナリスト
analyze,分析します
ancient,古代
and,そして
anger,怒り
angle,角度
angry,怒りました
animal,動物
anniversary,記念日
announce,アナウンス
annual,毎年の
another,別の
answer,回答
anticipate,予想します
anxiety,不安
any,どれか
anybody,誰でも
anymore,もはや
anyone,誰でも
anything,何でも
anyway,とにかく
anywhere,どこでも
apart,別として
apartment,アパート
apparent,見かけ上
apparently,明らかに
appeal,アピール
appear,現れる
appearance,外観
apple,林檎
application,応用
apply,適用します
appoint,任命します
appointment,任命
appreciate,感謝する
approach,アプローチ
appropriate,適切な
approval,承認
approve,認めます
approximately,約
Arab,アラブ
architect,建築家
area,範囲
argue,論じます
argument,引数
arise,生じます
arm,腕
armed,武装しました
army,軍
around,周りに
arrange,アレンジ
arrangement,配置
arrest,逮捕
arrival,到着
arrive,着きます
art,アート
article,論文
artist,アーティスト
artistic,芸術的
as,なので
Asian,アジアの
aside,さておき
ask,頼みます
asleep,眠っています
aspect,側面
assault,暴行
assert,主張する
assess,評価します
assessment,評価
asset,資産
assign,割当
assignment,割り当て
assist,支援する
assistance,援助
assistant,アシスタント
associate,仲間、同僚
association,協会
assume,仮定
assumption,仮定
assure,保証
at,に
athlete,アスリート
athletic,アスレチック
atmosphere,雰囲気
attach,アタッチ
attack,攻撃
attempt,試み
attend,出席
attention,注意
attitude,姿勢
attorney,代理人
attract,引き付けます
attractive,魅力的
attribute,属性
audience,聴衆
author,著者
authority,権限
auto,オート
available,利用できます
average,平均
avoid,避ける
award,賞
aware,気がついて
awareness,意識
away,先に
awful,酷いです
baby,赤ちゃん
back,バック
background,バックグラウンド
bad,悪い
badly,ひどく
bag,バッグ
bake,焼く
balance,残高
ball,玉
ban,禁止
band,バンド
bank,バンク
bar,バー
barely,かろうじて
barrel,たる
barrier,バリア
base,ベース
baseball,野球
basic,基本的な
basically,基本的に
basis,基礎
basket,バスケット
basketball,バスケットボール
bathroom,バスルーム
battery,電池
battle,戦い
be,されます
beach,ビーチ
bean,豆
bear,くま
beat,ビート
beautiful,綺麗な
beauty,美しさ
because,なぜなら
become,なります
bed,ベッド
bedroom,ベッドルーム
beer,ビール
before,前
begin,ベギン
beginning,初め
behavior,動作
behind,後ろに
being,であること
belief,信念
believe,信じます
bell,ベル
belong,属する
below,未満
belt,ベルト
bench,ベンチ
bend,曲がり
beneath,下に
benefit,ベネフィット
beside,横
besides,さらに
best,ベスト
bet,ベット
better,よりよいです
between,の間に
beyond,超えて
Bible,聖書
big,大きい
bike,自転車
bill,ビル
billion,十億
bind,練る
biological,生物学
bird,鳥
birth,誕生
birthday,お誕生日
bit,ビット
bite,一口
black,黒
blade,刃
blame,責め
blanket,毛布
blind,ブラインド
block,ブロック
blood,血液
blow,ブロー
blue,青い
board,ボード
boat,ボート
body,体
bomb,爆弾
bombing,爆撃
bond,つなぐ
bone,骨
book,本
boom,ブーム
boot,ブート
border,境界
born,生まれ
borrow,かりて
boss,ボス
both,どちらも
bother,煩わします
bottle,ボトル
bottom,ボトム
boundary,境界
bowl,丼鉢
box,ボックス
boy,男の子
boyfriend,彼氏
brain,脳
branch,ブランチ
brand,ブランド
bread,パン
break,ブレーク
breakfast,朝ごはん
breast,乳
breath,呼吸
breathe,息をします
brick,煉瓦
bridge,ブリッジ
brief,ブリーフ
briefly,簡単に
bright,明るい
brilliant,鮮やかさ
bring,持って来ます
British,英国の
broad,幅広いです
broken,壊れた
brother,兄
brown,褐色
brush,みがきます
buck,バック
budget,予算
build,ビルド
building,建物
bullet,弾丸
bunch,束
burden,重荷
burn,燃やす
bury,埋め込む
bus,バス
business,ビジネス
busy,忙しい
but,だが
butter,バター
button,ボタン
buy,購入
buyer,買い手
by,沿って
cabin,キャビン
cabinet,戸棚
cable,ケーブル
cake,ケーキ
calculate,計算
call,コール
camera,カメラ
camp,キャンプ
campaign,運動
campus,キャンパス
can,できる
Canadian,カナダの
cancer,癌
candidate,候補者
cap,キャップ
capability,能力
capable,できます
capacity,容量
capital,資本
captain,キャプテン
capture,キャプチャー
car,車
carbon,炭素
card,カード
care,お手入れ
career,キャリア
careful,注意深いです
carefully,注意深く
carrier,キャリアー
carry,運ぶ
case,場合
cash,現金
cast,キャスト
cat,ネコ
catch,キャッチ
category,カテゴリー
Catholic,カソリック
cause,原因
ceiling,天井
celebrate,祝う
celebration,お祝い
celebrity,有名人
cell,細胞
center,センター
central,セントラル
century,世紀
CEO,最高経営責任者（CEO
ceremony,式
certain,一定
certainly,もちろん
chain,鎖
chair,椅子
chairman,会長
challenge,チャレンジ
chamber,チェンバー
champion,チャンピオン
championship,チャンピオンシップ
chance,機会
change,変化する
changing,変化
channel,チャネル
chapter,章
character,キャラクター
characteristic,特性
characterize,特徴づけます
charge,充電
charity,チャリティ
chart,チャート
chase,追跡
cheap,安いです
check,小切手
cheek,頬
cheese,チーズ
chef,シェフ
chemical,ケミカル
chest,胸
chicken,チキン
chief,チーフ
child,子
childhood,子供時代
Chinese,中国の
chip,チップ
chocolate,チョコレート
choice,選択
cholesterol,コレステロール
choose,選択
Christian,キリスト教徒
Christmas,クリスマス
church,教会
cigarette,シガレット
circle,サークル
circumstance,事情
cite,引用します
citizen,市民
city,市
civil,民事上
civilian,民間人
claim,請求
class,クラス
classic,クラシック
classroom,教室
clean,掃除
clear,晴れ
clearly,はっきり
client,クライアント
climate,気候
climb,登る
clinic,診療所
clinical,臨床の
clock,時計
close,閉じる
closely,密接に
closer,クローザー
clothes,服
clothing,衣類
cloud,雲
club,クラブ
clue,手掛かり
cluster,集まる
coach,コーチ
coal,石炭
coalition,連立
coast,海岸
coat,コート
code,コード
coffee,コーヒー
cognitive,認知
cold,コールド
collapse,崩壊
colleague,同僚
collect,コレクト
collection,コレクション
collective,集合的な
college,カレッジ
colonial,コロニアル
color,色
column,カラム
combination,組み合わせ
combine,コンバイン
come,来ます
comedy,コメディ
comfort,快適さ
comfortable,快適
command,コマンド
commander,指揮官
comment,コメント
commercial,商業の
commission,手数料
commit,コミット
commitment,コミットメント
committee,委員会
common,一般
communicate,コミュニケート
communication,コミュニケーション
community,コミュニティ
company,会社
compare,比較します
comparison,比較
compete,競合
competition,コンペ
competitive,競争の
competitor,競合他社選手
complain,文句を言います
complaint,苦情文句
complete,コンプリート
completely,完全に
complex,繁雑
complicated,複雑
component,成分
compose,コン
composition,組成
comprehensive,包括的
computer,コンピューター
concentrate,集中
concentration,濃度
concept,概念
concern,懸念
concerned,心配している
concert,コンサート
conclude,結論
conclusion,結論
concrete,コンクリート
condition,状態
conduct,行動
conference,会議
confidence,信頼
confident,自信を持って
confirm,確認
conflict,コンフリクト
confront,対面
confusion,錯乱
Congress,会議
congressional,議会
connect,接続
connection,接続
consciousness,意識
consensus,コンセンサス
consequence,結果
conservative,保守的
consider,考えます
considerable,かなりの
consideration,考慮
consist,成ります
consistent,首尾一貫した
constant,絶え間ない
constantly,絶えず
constitute,構成します
constitutional,憲法の
construct,構文
construction,建設
consultant,コンサルタント
consume,消費します
consumer,消費者
consumption,消費
contact,連絡先
contain,含む
container,コンテナ
contemporary,コンテンポラリー
content,コンテンツ
contest,コンテスト
context,環境
continue,継続する
continued,続け
contract,契約する
contrast,コントラスト
contribute,助ける
contribution,貢献
control,コントロール
controversial,物議を醸します
controversy,論争
convention,コンベンション
conventional,従来の
conversation,会話
convert,変換
conviction,信念
convince,確信させます
cook,クック
cookie,クッキー
cooking,料理
cool,涼しい
cooperation,連携
cop,警官
cope,対処
copy,コピー
core,芯
corn,コーン
corner,コーナー
corporate,会社の
corporation,株式会社
correct,正しい
correspondent,特派員
cost,費用
cotton,コットン
couch,ソファー
could,たぶん......だろう
council,協議会
counselor,カウンセラー
count,カウント
counter,カウンター
country,国
county,郡
couple,カップル
courage,勇気
course,コース
court,裁判所
cousin,いとこ
cover,カバー
coverage,カバレッジ
cow,牛
crack,亀裂
craft,クラフト
crash,クラッシュ
crazy,クレージー
cream,クリーム
create,作ります
creation,創造
creative,創造的
creature,生物
credit,クレジット
crew,クルー
crime,犯罪
criminal,犯罪者
crisis,危機
criteria,基準
critic,評論家
critical,クリティカル
criticism,批判
criticize,批判します
crop,収穫
cross,クロス
crowd,群集
crucial,重要
cry,泣く
cultural,文化的
culture,文化
cup,カップ
curious,奇妙な
current,電流
currently,現在
curriculum,カリキュラム
custom,カスタム
customer,お客様
cut,切る
cycle,サイクル
dad,パパ
daily,日々
damage,ダメージ
dance,ダンス
danger,危険
dangerous,危険な
dare,挑戦
dark,闇
darkness,闇
data,データ
date,日付
daughter,娘
day,日
dead,デッド
deal,対処
dealer,ディーラー
dear,親愛な
death,死
debate,ディベート
debt,債務
decade,一昔
decide,決めます
decision,決定
deck,デッキ
declare,宣言
decline,低下
decrease,減少
deep,深い
deeply,深く
deer,鹿
defeat,敗北
defend,守る
defendant,被告
defense,防衛
defensive,守備の
deficit,赤字
define,定義
definitely,間違いなく
definition,定義
degree,程度
delay,ディレイ
deliver,届けます
delivery,配達
demand,要求する
democracy,民主主義
Democrat,民主党員
democratic,民主的な
demonstrate,証明します
demonstration,デモンストレーション
deny,否定します
department,部門
depend,依存
dependent,依存
depending,依存
depict,描い
depression,うつ病
depth,深さ
deputy,副
derive,派生する
describe,述べます
description,説明
desert,砂漠
deserve,値する
design,設計
designer,デザイナー
desire,欲望
desk,机
desperate,やけくその
despite,にもかかわらず
destroy,破壊
destruction,破壊
detail,ディテール
detailed,詳細に
detect,検出
determine,定めます
develop,発展させる
developing,現像
development,開発
device,端末
devote,捧げます
dialogue,対話
die,死にます
diet,ダイエット
differ,異なる
difference,差
different,異なります
differently,異なっ
difficult,難しいです
difficulty,困難
dig,掘る
digital,デジタル
dimension,寸法
dining,ダイニング
dinner,晩ごはん
direct,直接
direction,方向
directly,直接
director,ディレクター
dirt,泥
dirty,汚れた
disability,身体障害
disagree,同意
disappear,姿を消す
disaster,災害
discipline,懲戒
discourse,講話
discover,発見する
discovery,発見
discrimination,差別
discuss,話し合います
discussion,討論
disease,疾患
dish,皿
dismiss,退出させる
disorder,無秩序
display,表示
dispute,紛争
distance,距離
distant,遠く
distinct,明確な
distinction,区別
distinguish,見分けます
distribute,分配します
distribution,分布
district,地区
diverse,多様
diversity,多様性
divide,分割
division,分割
divorce,離婚
DNA,DNA
do,行う
doctor,医師
document,資料
dog,犬
domestic,国内の
dominant,支配的な
dominate,支配
door,ドア
double,ダブル
doubt,疑問に思う
down,ダウン
downtown,ダウンタウン
dozen,ダース
draft,ドラフト
drag,引っ張る
drama,ドラマ
dramatic,劇的
dramatically,劇的
draw,ドロー
drawing,図
dream,夢
dress,ドレス
drink,ドリンク
drive,ドライブ
driver,運転者
drop,落とす
drug,薬
dry,ドライ
due,原因
during,間に
dust,ほこり
duty,関税
each,各
eager,熱心な
ear,耳
early,早いです
earn,得ます
earnings,収入
earth,地球
ease,簡易
easily,簡単に
east,東
eastern,東の
easy,イージー
eat,食べる
economic,経済の
economics,経済
economist,エコノミスト
economy,経済
edge,縁
edition,版
editor,編集者
educate,教育します
education,教育
educational,教育の
educator,教師
effect,効果
effective,効果的な
effectively,効果的
efficiency,効率
efficient,効率的
effort,努力
egg,卵
eight,8
either,どちらか
elderly,年配
elect,次期
election,選挙
electric,電気の
electricity,電気
electronic,電子
element,素子
elementary,小学校
eliminate,省きます
elite,エリート
else,そうしないと
elsewhere,他の場所
e-mail,Eメール
embrace,擁する
emerge,出てきます
emergency,緊急
emission,放射
emotion,感情
emotional,感情の
emphasis,重点
emphasize,強調
employ,採用
employee,社員
employer,雇用者
employment,雇用
empty,空の
enable,有効
encounter,出会い
encourage,奨励します
end,終わり
enemy,敵
energy,エネルギー
enforcement,執行
engage,従事する
engine,エンジン
engineer,エンジニア
engineering,エンジニアリング
English,英語
enhance,強化
enjoy,楽しい
enormous,莫大
enough,足りる
ensure,確保
enter,入る
enterprise,企業
entertainment,エンターテインメント
entire,全体
entirely,全く
entrance,入り口
entry,エントリ
environment,環境
environmental,環境の
episode,エピソード
equal,等しい
equally,平等に
equipment,装置
era,時代
error,エラー
escape,逃れる
especially,特に
essay,エッセイ
essential,不可欠
essentially,本来
establish,確立する
establishment,確立
estate,エステート
estimate,推計
etc,等
ethics,倫理
ethnic,エスニック
European,欧州の
evaluate,評価します
evaluation,評価
even,さえ
evening,イブニング
event,イベント
eventually,結局
ever,今までに
every,すべての
everybody,皆
everyday,毎日
everyone,全員
everything,すべて
everywhere,どこにでも
evidence,証拠
evolution,進化
evolve,進化
exact,精密
exactly,丁度
examination,検査
examine,診る
example,例
exceed,上回ります
excellent,優秀な
except,除きます
exception,例外
exchange,両替
exciting,エキサイティング
executive,エグゼクティブ
exercise,運動
exhibit,示す
exhibition,エキシビション
exist,が存在
existence,存在
existing,既存の
expand,広げます
expansion,拡張
expect,期待します
expectation,期待
expense,費用
expensive,高価な
experience,経験
experiment,実験
expert,専門
explain,説明します
explanation,説明
explode,爆発します
explore,見る
explosion,爆発
expose,晒します
exposure,曝露
express,急行
expression,表現
extend,延ばします
extension,拡張
extensive,広範囲
extent,エクステント
external,外部の
extra,エクストラ
extraordinary,素晴らしいです
extreme,極端な
extremely,極めて
eye,眼
fabric,ファブリック
face,面
facility,施設
fact,事実
factor,因子
factory,工場
faculty,学部
fade,フェード
fail,不合格
failure,故障
fair,公正な
fairly,かなり
faith,信仰
fall,秋
FALSE,FALSE
familiar,よく知られています
family,家族
famous,名高いです
fan,ファン
fantasy,ファンタジー
far,遥か
farm,ファーム
farmer,農家
fashion,ファッション
fast,速いです
fat,太い
fate,運命
father,お父さん
fault,欠陥
favor,好意
favorite,お気に入り
fear,恐れ
feature,特徴
federal,連邦の
fee,費用
feed,フィード
feel,感じます
feeling,感じ
fellow,仲間
female,女性
fence,フェンス
few,少数
fewer,少ないです
fiber,ファイバ
fiction,フィクション
field,フィールド
fifteen,15
fifth,第五の
fifty,五十
fight,戦い
fighter,戦士
fighting,戦い
figure,フィギュア
file,ファイル
fill,フィル
film,映画
final,最後の
finally,最終的に
finance,ファイナンス
financial,金融
find,見つけます
finding,発見
fine,罰金
finger,指
finish,仕上がり
fire,火
firm,当社
first,最初
fish,魚
fishing,釣り
fit,フィット
fitness,フィットネス
five,五
fix,修正
flag,国旗
flame,火炎
flat,平らな
flavor,味
flee,逃げます
flesh,肉
flight,フライト
float,浮く
floor,床
flow,フロー
flower,花
fly,飛ぶ
focus,フォーカス
folk,フォーク
follow,従います
following,以下
food,食物
foot,足
football,フットボール
for,にとって
force,力
foreign,外国の
forest,森林
forever,永久に
forget,忘れる
form,形
formal,フォーマル
formation,形成
former,前者
formula,式
forth,前方へ
fortune,幸運
forward,前方に
found,ました
foundation,財団
founder,創業者
four,四
fourth,第4
frame,フレーム
framework,フレームワーク
free,自由
freedom,自由
freeze,氷結
French,フランス語
frequency,周波数
frequent,頻出
frequently,しばしば
fresh,新鮮な
friend,友人
friendly,優しいです
friendship,友情
from,から
front,前面
fruit,フルーツ
frustration,欲求不満
fuel,燃料
full,いっぱい
fully,十分
fun,遊び
function,関数
fund,基金
fundamental,基本的な
funding,資金調達
funeral,葬儀
funny,おもしろいです
furniture,家具
furthermore,更に
future,未来
gain,利得
galaxy,銀河
gallery,画廊
game,ゲーム
gang,ギャング
gap,ギャップ
garage,ガレージ
garden,庭園
garlic,ニンニク
gas,ガス
gate,ゲート
gather,ギャザー
gay,ゲイ
gaze,視線
gear,装備
gender,性別
gene,遺伝子
general,一般的な
generally,概して
generate,生む
generation,世代
genetic,遺伝子の
gentleman,紳士
gently,優しく
German,ドイツ人
gesture,ジェスチャー
get,取得する
ghost,幽霊
giant,巨人
gift,贈り物
gifted,才能
girl,女の子
girlfriend,ガールフレンド
give,与える
given,所与
glad,嬉しいです
glance,一目
glass,ガラス
global,グローバル
glove,グローブ
go,行きます
goal,ゴール
God,神
gold,ゴールド
golden,ゴールデン
golf,ゴルフ
good,良い
government,政府
governor,知事
grab,つかむ
grade,グレード
gradually,徐々に
graduate,卒業
grain,粒
grand,壮大な
grandfather,祖父
grandmother,祖母
grant,付与
grass,草
grave,墓
gray,グレー
great,すごい
greatest,最高の
green,緑
grocery,食料品
ground,接地
group,グループ
grow,育ちます
growing,成長
growth,成長
guarantee,保証
guard,ガード
guess,推測
guest,ゲスト
guide,ガイド
guideline,ガイドライン
guilty,有罪の
gun,銃
guy,男
habit,習慣
habitat,生息地
hair,ヘア
half,ハーフ
hall,ホール
hand,手
handful,一握り
handle,扱う
hang,ハング
happen,起こります
happy,ハッピー
hard,ハード
hardly,漸く
hat,帽子
hate,嫌い
have,持ってる
he,彼
head,頭
headline,見出し
headquarters,本部
health,健康
healthy,元気
hear,聞く
hearing,聴覚
heart,ハート
heat,熱
heaven,天国
heavily,ずっしり
heavy,ヘビー
heel,ヒール
height,高さ
helicopter,ヘリコプター
hell,地獄
hello,こんにちは
help,助けて
helpful,有用
her,彼女の
here,ここに
heritage,遺産
hero,ヒーロー
herself,彼女自身
hey,ちょっと
hi,こんにちは
hide,隠す
high,高い
highlight,ハイライト
highly,高度に
highway,高速道路
hill,丘
him,彼を
himself,彼自身
hip,ヒップ
hire,雇う
his,彼の
historian,歴史家
historic,歴史的
historical,歴史的
history,歴史
hit,ヒット
hold,ホールド
hole,穴
holiday,休日
holy,聖なる
home,家
homeless,ホームレス
honest,正直な
honey,はちみつ
honor,名誉
hope,望む
horizon,地平線
horror,ホラー
horse,うま
hospital,病院
host,ホスト
hot,ホット
hotel,ホテル
hour,時間
house,家
household,家庭
housing,ハウジング
how,どうやって
however,しかしながら
huge,巨大
human,人間
humor,ユーモア
hundred,百
hungry,空腹の
hunter,猟師
hunting,狩猟
hurt,傷つい
husband,夫
hypothesis,仮説
I,私
ice,氷
idea,考え
ideal,理想的
identification,識別
identify,識別
identity,身元
ie,すなわち
if,もし
ignore,無視します
ill,病気で
illegal,違法
illness,病気
illustrate,説明
image,画像
imagination,想像力
imagine,想像します
immediate,即座
immediately,直ちに
immigrant,移民
immigration,移民
impact,影響
implement,インプリメント
implication,含意
imply,暗示
importance,重要性
important,重要
impose,課す
impossible,不可能な
impress,IMPRESS
impression,印象
impressive,印象的
improve,改善します
improvement,改善
in,に
incentive,動機
incident,インシデント
include,含めます
including,含みます
income,所得
incorporate,組み込ん
increase,増加する
increased,増加
increasing,増加
increasingly,ますます
incredible,信じられません
indeed,確かに
independence,独立
independent,独立の
index,指数
Indian,インディアン
indicate,示す
indication,表示
individual,個人
industrial,インダストリアル
industry,業界
infant,幼児
infection,感染
inflation,インフレーション
influence,影響
inform,通知します
information,情報
ingredient,成分
initial,初期
initially,当初、
initiative,主導権
injury,けが
inner,インナー
innocent,無実の
inquiry,問い合わせ
inside,内部
insight,洞察
insist,言い張ります
inspire,INSPIRE
install,インストール
instance,インスタンス
instead,その代わり
institution,施設
institutional,制度
instruction,命令
instructor,インストラクター
instrument,器械
insurance,保険
intellectual,知的
intelligence,インテリジェンス
intend,予定の
intense,激しいです
intensity,強
intention,意図
interaction,インタラクション
interest,関心
interested,興味がある
interesting,面白い
internal,内部
international,インターナショナル
Internet,インターネット
interpret,解釈
interpretation,解釈
intervention,介入
interview,インタビュー
into,に
introduce,導入する
introduction,前書き
invasion,侵入
invest,インベスト
investigate,調べます
investigation,調査
investigator,求道者
investment,投資
investor,投資家
invite,招待する
involve,巻き込みます
involved,関与
involvement,関与
Iraqi,イラク人
Irish,アイルランド人
iron,鉄
Islamic,イスラム教の
island,島
Israeli,イスラエル人
issue,問題
it,それ
Italian,イタリアの
item,項目
its,それの
itself,自体
jacket,ジャケット
jail,刑務所
Japanese,日本人
jet,ジェット
Jew,ユダヤ人
Jewish,ユダヤ人の
job,ジョブ
join,加わります
joint,ジョイント
joke,冗談で
journal,ジャーナル
journalist,ジャーナリスト
journey,旅
joy,喜び
judge,裁判官
judgment,判定
juice,ジュース
jump,ジャンプ
junior,ジュニア
jury,陪審
just,ただ
justice,正義
justify,正当化
keep,保つ
key,キー
kick,キック
kid,キッド
kill,殺します
killer,キラー
killing,殺害
kind,種類
king,キング
kiss,接吻
kitchen,キッチン
knee,膝
knife,ナイフ
knock,ノック
know,知っています
knowledge,知識
lab,ラボ
label,ラベル
labor,労働
laboratory,研究室
lack,欠如
lady,レディ
lake,湖
land,土地
landscape,ランドスケープ
language,言語
lap,ラップ
large,大
largely,大部分
last,最終
late,遅く
later,後
Latin,ラテン語
latter,後者
laugh,笑い
launch,打ち上げ
law,法律
lawn,芝生
lawsuit,訴訟
lawyer,弁護士
lay,素人
layer,層
lead,鉛
leader,盟主
leadership,リーダーシップ
leading,リーディング
leaf,葉
league,同盟
lean,リーン
learn,学びます
learning,ラーニング
least,最低
leather,レザー
leave,休暇
left,左
leg,脚
legacy,レガシー
legal,法的
legend,伝説
legislation,立法
legitimate,正当
lemon,レモン
length,長さ
less,もっと少なく
lesson,レッスン
let,てみましょう
letter,文字
level,レベル
liberal,リベラル
library,図書館
license,ライセンス
lie,横たわる
life,生活
lifestyle,ライフスタイル
lifetime,一生
lift,リフト
light,光
like,お気に入り
likely,恐らく
limit,リミット
limitation,制限
limited,限られました
line,ライン
link,リンク
lip,リップ
list,リスト
listen,聴く
literally,文字通り
literary,文学の
literature,文献
little,少し
live,住む
living,生活
load,負荷
loan,ローン
local,地元
locate,見つけます
location,ロケーション
lock,ロック
long,長いです
long-term,長期
look,外観
loose,緩いです
lose,失う
loss,損失
lost,失われました
lot,たくさん
lots,たくさんの
loud,うるさいです
love,愛
lovely,美しい
lover,恋人
low,低いです
lower,下
luck,幸運
lucky,幸運な
lunch,ランチ
lung,肺
machine,機械
mad,怒っ
magazine,マガジン
mail,郵便物
main,メイン
mainly,主に
maintain,維持します
maintenance,メンテナンス
major,主要な
majority,大多数
make,メイク
maker,メーカ
makeup,化粧
male,男性
mall,モール
man,おとこ
manage,管理します
management,管理
manager,マネージャー
manner,やり方
manufacturer,メーカー
manufacturing,加工
many,たくさんの
map,地図
margin,マージン
mark,マーク
market,市場
marketing,マーケティング
marriage,結婚
married,既婚
marry,結婚します
mask,マスク
mass,質量
massive,大規模な
master,主人
match,一致
material,材料
math,数学
matter,案件
may,五月
maybe,多分
mayor,市長
me,私に
meal,お食事
mean,平均
meaning,意味
meanwhile,その間に
measure,対策
measurement,測定
meat,お肉
mechanism,機構
media,メディア
medical,医療の
medication,投薬
medicine,薬
medium,中
meet,会います
meeting,会議
member,メンバー
membership,メンバーシップ
memory,メモリ
mental,メンタル
mention,言及
menu,メニュー
mere,ほんの
merely,単に
mess,乱雑
message,メッセージ
metal,金属
meter,メートル
method,方法
Mexican,メキシコ
middle,中間
might,かもしれません
military,軍事的
milk,ミルク
million,百万
mind,マインド
mine,私の
minister,牧師
minor,マイナー
minority,少数
minute,分
miracle,奇跡
mirror,鏡
miss,お嬢
missile,ミサイル
mission,ミッション
mistake,間違い
mix,ミックス
mixture,混合
mm-hmm,MM-HMM
mode,モード
model,モデル
moderate,適度
modern,近代的
modest,控えめ
mom,ママ
moment,瞬間
money,お金
monitor,モニター
month,月
mood,気分
moon,月
moral,道徳の
more,もっと
moreover,又
morning,朝
mortgage,モーゲージ
most,最も
mostly,大半
mother,母
motion,モーション
motivation,動機
motor,モーター
mount,マウント
mountain,山
mouse,マウス
mouth,口
move,動き
movement,移動
movie,映画
Mr,氏
Mrs,夫人
Ms,MS
much,はるかに
multiple,複数
murder,殺人
muscle,筋
museum,博物館
music,音楽
musical,ミュージカル
musician,音楽家
Muslim,イスラム教徒
must,必見
mutual,相互
my,僕の
myself,私自身
mystery,神秘
myth,神話
naked,裸
name,名前
narrative,説話
narrow,狭い
nation,国家
national,国民
native,ネイティブ
natural,ナチュラル
naturally,当然
nature,自然
near,近く
nearby,近所の
nearly,ほとんど
necessarily,必ずしも
necessary,必要
neck,首
need,必要
negative,負
negotiate,交渉します
negotiation,ネゴシエーション
neighbor,隣人
neighborhood,ご近所
neither,どちらもありません
nerve,神経
nervous,ナーバス
net,ネット
network,通信網
never,決して
nevertheless,それにもかかわらず
new,新着
newly,新しく
news,ニュース
newspaper,新聞
next,次
nice,すてきな
night,夜
nine,九つ
no,番号
nobody,だれも
nod,うなずき
noise,ノイズ
nomination,指名
none,なし
nonetheless,それにもかかわらず
nor,も
normal,正常
normally,通常は
north,北
northern,北方
nose,鼻
not,ではありません
note,注意
nothing,何も
notice,通知
notion,概念
novel,小説
now,今
nowhere,どこにも
n't,ではありません
nuclear,核の
number,数
numerous,数々
nurse,ナース
nut,ナット
object,オブジェクト
objective,目的
obligation,義務
observation,観察
observe,観察する
observer,観察者
obtain,入手します
obvious,明らか
obviously,明らかに
occasion,時
occasionally,時には
occupation,職業
occupy,占める
occur,発生する
ocean,海洋
odd,奇妙な
odds,オッズ
of,の
off,オフ
offense,犯罪
offensive,攻撃
offer,提供
office,オフィス
officer,役員
official,公式
often,しばしば
oh,ああ
oil,油
ok,OK
okay,はい
old,古い
Olympic,オリンピック
on,オン
once,一度
one,1
ongoing,現在進行中
onion,玉ねぎ
online,オンライン
only,のみ
onto,へ
open,開いた
opening,オープニング
operate,操作します
operating,オペレーティング
operation,操作
operator,オペレーター
opinion,意見
opponent,相手
opportunity,機会
oppose,反対します
opposite,逆の
opposition,反対
option,オプション
or,若しくは
orange,オレンジ
order,注文
ordinary,一般
organic,オーガニック
organization,組織
organize,整理
orientation,オリエンテーション
origin,原点
original,元の
originally,元々
other,他の
others,他人
otherwise,そうでなければ
ought,べき
our,私達の
ourselves,自分自身
out,アウト
outcome,結果
outside,外側
oven,オーブン
over,オーバー
overall,全体
overcome,打ち勝ちます
overlook,見落とします
owe,負います
own,自分の
owner,オーナー
pace,ペース
pack,パック
package,パッケージ
page,ページ
pain,痛み
painful,痛いです
paint,ペイント
painter,画家
painting,ペインティング
pair,ペア
pale,淡いです
Palestinian,パレスチナ
palm,手のひら
pan,パン
panel,パネル
pant,パンツ
paper,論文
parent,親
park,パーク
parking,パーキング
part,部
participant,参加者
participate,参加します
participation,参加
particular,特定の
particularly,特に
partly,一部に
partner,相棒
partnership,パートナーシップ
party,パーティー
pass,パス
passage,通路
passenger,旅客
passion,情熱
past,過去
patch,パッチ
path,道
patient,患者
pattern,パターン
pause,休止
pay,支払う
payment,支払い
PC,パーソナルコンピュータ
peace,平和
peak,ピーク
peer,仲間
penalty,ペナルティ
people,人
pepper,コショウ
per,あたり
perceive,気付きます
percentage,パーセンテージ
perception,知覚
perfect,パーフェクト
perfectly,完全に
perform,行います
performance,演奏
perhaps,多分
period,限目
permanent,恒久
permission,許可
permit,許可
person,人
personal,個人的な
personality,人
personally,自ら
personnel,人員
perspective,展望
persuade,言い聞かせる
pet,ペット
phase,段階
phenomenon,現象
philosophy,哲学
phone,電話
photo,写真
photograph,写真
photographer,写真家
phrase,句
physical,物理的
physically,物理的に
physician,医師
piano,ピアノ
pick,ピック
picture,画像
pie,パイ
piece,ピース
pile,パイル
pilot,パイロット
pine,パイン
pink,ピンク
pipe,パイプ
pitch,ピッチ
place,場所
plan,予定
plane,飛行機
planet,惑星
planning,プランニング
plant,工場
plastic,プラスチック
plate,プレート
platform,プラットホーム
play,演奏する
player,プレーヤー
please,お願いします
pleasure,喜び
plenty,豊富
plot,プロット
plus,プラス
PM,PM
pocket,ポケット
poem,詩
poet,詩人
poetry,詩
point,ポイント
pole,ポール
police,警察
policy,ポリシー
political,政治的
politically,政治的に
politician,政治家
politics,政治
poll,投票
pollution,汚染
pool,プール
poor,貧しいです
pop,ポップ
popular,人気のあります
population,人口
porch,ポーチ
port,港
portion,部分
portrait,肖像画
portray,描写
pose,ポーズ
position,ポジション
positive,ポジティブ
possess,所有します
possibility,可能性
possible,可能
possibly,おそらく
post,役職
pot,ポット
potato,じゃがいも
potential,潜在的な
potentially,潜在的に
pound,ポンド
pour,注ぐ
poverty,貧困
powder,パウダー
power,パワー
powerful,強いです
practical,実用的
practice,練習
pray,祈る
prayer,祈り
precisely,ちょうど
predict,予測します
prefer,好む
preference,優先
pregnancy,妊娠
pregnant,妊娠しています
preparation,準備
prepare,作ります
prescription,処方
presence,プレゼンス
present,現在
presentation,プレゼンテーション
preserve,保存します
president,大統領
presidential,大統領の
press,押す
pressure,圧力
pretend,偽ります
pretty,可愛い
prevent,防ぐ
previous,前
previously,以前に
price,価格
pride,誇り
priest,祭司
primarily,主に
primary,主要
prime,プライム
principal,主要な
principle,原理
print,プリント
prior,事前
priority,優先
prison,刑務所
prisoner,囚人
privacy,プライバシー
private,民間
probably,多分
problem,問題
procedure,手順
proceed,進みます
process,処理する
produce,作物
producer,プロデューサー
product,製品
production,製造
profession,職業
professional,プロフェッショナル
professor,教授
profile,プロフィール
profit,利益
program,プログラム
progress,進捗
project,事業
prominent,主要
promise,約束する
promote,プロモート
prompt,促す
proof,証明
proper,適切な
properly,正しく
property,プロパティ
proportion,割合
proposal,提案
propose,提案します
proposed,提案
prosecutor,検察
prospect,見込み
protect,守ります
protection,保護
protein,タンパク質
protest,抗議
proud,誇りに思う
prove,証明します
provide,供給する
provider,プロバイダ
province,州
provision,規定
psychological,心理学的
psychologist,心理学者
psychology,心理学
public,公衆
publication,出版
publicly,公に
publish,出版します
publisher,出版社
pull,引く
punishment,罰
purchase,購入
pure,ピュア
purpose,目的
pursue,求めます
push,押す
put,置きます
qualify,資格
quality,品質
quarter,四半期
quarterback,クォーターバック
question,質問
quick,速いです
quickly,早く
quiet,静か
quietly,静かに
quit,終了する
quite,かなり
quote,見積もり
race,人種
racial,人種的
radical,ラジカル
radio,無線
rail,レール
rain,雨
raise,レイズ
range,範囲
rank,順位
rapid,急速
rapidly,すばやく
rare,レア
rarely,めったにありません
rate,割合
rather,かなり
rating,格付け
ratio,比
raw,生
reach,リーチ
react,反応します
reaction,反応
read,読んだ
reader,読者
reading,読書
ready,準備ができて
real,リアル
reality,現実
realize,気付く
really,本当に
reason,理由
reasonable,合理的
recall,想起
receive,受け取ります
recent,最近
recently,最近
recipe,レシピ
recognition,認識
recognize,認めます
recommend,推薦します
recommendation,勧告
record,記録
recording,録音
recover,回復します
recovery,回復
recruit,リクルート
red,赤
reduce,減らします
reduction,削減
refer,参照します
reference,参照
reflect,反射する
reflection,反射
reform,改革
refugee,難民
refuse,ごみ
regard,について
regarding,に対する
regardless,かかわらず、
regime,領域
region,領域
regional,地域の
register,登録
regular,定期的な
regularly,定期的に
regulate,規制します
regulation,規制
reinforce,強化する
reject,拒絶します
relate,関連
relation,関係
relationship,関係
relative,相対的
relatively,比較的に
relax,リラックス
release,解除
relevant,関連しました
relief,救済
religion,宗教
religious,宗教的な
rely,頼ります
remain,残ります
remaining,残り
remarkable,顕著
remember,思い出します
remind,思い出させます
remote,遠隔
remove,削除する
repeat,繰り返す
repeatedly,繰り返し
replace,置き換えます
reply,応答
report,報告する
reporter,レポーター
represent,代表します
representation,表現
representative,代表
Republican,共和党
reputation,評判
request,リクエスト
require,必要とする
requirement,要件
research,研究
researcher,研究者
resemble,似ています
reservation,予約
resident,居住者
resist,抵抗します
resistance,抵抗
resolution,解決
resolve,決意
resort,リゾート
resource,資源
respect,尊敬
respond,応答
respondent,被告
response,応答
responsibility,責任
responsible,責任者
rest,残り
restaurant,レストラン
restore,戻す
restriction,制限
result,結果
retain,保ちます
retire,引退します
retirement,退職
return,リターン
reveal,明らかにする
revenue,収益
review,レビュー
revolution,革命
rhythm,リズム
rice,ご飯
rich,リッチ
rid,取り除きます
ride,ライド
rifle,ライフル
right,正しい
ring,リング
rise,上がり
risk,危険
river,川
road,道路
rock,岩
role,役割
roll,ロール
romantic,ロマンチック
roof,ルーフ
room,ルーム
root,ルート
rope,ロープ
rose,ローズ
rough,粗い
roughly,おおよそ
round,円形
route,ルート
routine,ルーチン
row,行
rub,こする
rule,ルール
run,ラン
running,ランニング
rural,農村
rush,ラッシュ
Russian,ロシア
sacred,神聖
sad,悲しい
safe,安全
safety,安全性
sake,酒
salad,サラダ
salary,給料
sale,セール
sales,セールス
salt,塩
same,同じ
sample,サンプル
sanction,制裁
sand,砂
satellite,衛星
satisfaction,満足
satisfy,満足させる
sauce,ソース
save,保存する
saving,節約
say,いう
scale,規模
scandal,スキャンダル
scared,おびえました
scenario,シナリオ
scene,シーン
schedule,スケジュール
scheme,スキーム
scholar,学者
scholarship,奨学金
school,学校
science,理科
scientific,科学的
scientist,科学者
scope,範囲
score,スコア
scream,悲鳴
screen,画面
script,脚本
sea,海
search,探す
season,シーズン
seat,シート
second,第2
secret,秘密
secretary,秘書
section,セクション
sector,セクタ
secure,確保します
security,セキュリティ
see,見る
seed,シード
seek,求める
seem,思われる
segment,セグメント
seize,握ります
select,選択する
selection,選択
self,自己
sell,売る
Senate,上院
senator,上院議員
send,送信
senior,上級
sense,感覚
sensitive,敏感
sentence,文
separate,分ける
sequence,シーケンス
series,シリーズ
serious,深刻
seriously,ひどく
serve,サーブ
service,サービス
session,セッション
set,セットする
setting,セッティング
settle,解決する
settlement,決済
seven,セブン
several,いくつかの
severe,重度
sex,性別
sexual,性的
shade,シェード
shadow,影
shake,シェイク
shall,条
shape,形状
share,シェア
sharp,シャープ
she,彼女
sheet,シート
shelf,棚
shell,シェル
shelter,シェルター
shift,シフト
shine,輝く
ship,輸送する
shirt,シャツ
shit,うんこ
shock,ショック
shoe,靴
shoot,シュート
shooting,撮影
shop,ショップ
shopping,ショッピング
shore,岸
short,ショート
shortly,まもなく
shot,ショット
should,SHOULD
shoulder,ショルダー
shout,叫び
show,公演
shower,シャワー
shrug,竦めます
shut,シャット
sick,病気
side,側
sigh,はぁ
sight,視力
sign,符号
signal,信号
significance,意義
significant,重要
significantly,大幅に
silence,沈黙
silent,サイレント
silver,銀
similar,同様の
similarly,同様に
simple,シンプル
simply,単に
sin,罪
since,から
sing,歌う
singer,歌手
single,シングル
sink,シンク
sir,お客様
sister,シスター
sit,SIT
site,地点
situation,状況
six,六
size,サイズ
ski,スキー
skill,スキル
skin,肌
sky,空
slave,奴隷
sleep,睡眠
slice,スライス
slide,滑り台
slight,わずかな
slightly,わずかに
slip,スリップ
slow,スロー
slowly,ゆっくり
small,小さい
smart,スマート
smell,香り
smile,スマイル
smoke,煙
smooth,滑らか
snap,スナップ
snow,雪
so,そう
so-called,所謂
soccer,サッカー
social,ソーシャル
society,社会
soft,柔らかい
software,ソフトウェア
soil,土
solar,太陽
soldier,兵士
solid,固体
solution,解決
solve,解決する
some,いくつか
somebody,誰か
somehow,何とかして
someone,誰か
something,何か
sometimes,時々
somewhat,幾分
somewhere,何処か
son,息子
song,歌
soon,やがて
sophisticated,洗練されました
sorry,ごめんなさい
sort,ソート
soul,魂
sound,音
soup,スープ
source,ソース
south,南
southern,南方の
Soviet,ソ連
space,スペース
Spanish,スペイン語
speak,話す
speaker,スピーカー
special,特殊
specialist,スペシャリスト
species,種
specific,明確な
specifically,特に
speech,スピーチ
speed,速度
spend,費やす
spending,支出
spin,スピン
spirit,精神
spiritual,スピリチュアル
split,スプリット
spokesman,スポークスマン
sport,スポーツ
spot,スポット
spread,拡大
spring,春
square,平方
squeeze,絞ります
stability,安定
stable,安定しました
staff,スタッフ
stage,ステージ
stair,階段
stake,杭
stand,スタンド
standard,標準
standing,常任
star,星
stare,見詰める
start,開始
state,状態
statement,ステートメント
station,駅
statistics,統計
status,状態
stay,滞在
steady,安定しました
steal,スチール
steel,鋼
step,ステップ
stick,スティック
still,やはり
stir,攪拌
stock,株式
stomach,胃
stone,結石
stop,やめる
storage,ストレージ
store,お店
storm,嵐
story,物語
straight,まっすぐ
strange,奇妙
stranger,ストレンジャー
strategic,戦略的
strategy,戦略
stream,ストリーム
street,通り
strength,力
strengthen,強化する
stress,ストレス
stretch,ストレッチ
strike,攻撃
string,ストリング
strip,ストリップ
stroke,脳卒中
strong,強い
strongly,強く
structure,構造
struggle,闘い
student,学生
studio,スタジオ
study,調査
stuff,スタッフ
stupid,愚か
style,スタイル
subject,主題
submit,参加する
subsequent,後の
substance,物質
substantial,実質的
succeed,成功します
success,成功
successful,成功しました
successfully,うまく
such,そのような
sudden,突然
suddenly,突然
sue,訴える
suffer,苦しみます
sufficient,十分
sugar,シュガー
suggest,提案します
suggestion,提案
suicide,自殺
suit,スーツ
summer,夏
summit,サミット
sun,太陽
super,素晴らしい
supply,サプライ
support,サポート
supporter,支援者
suppose,思います
supposed,なっ
Supreme,最高
sure,承知しました
surely,確かに
surface,表面
surgery,手術
surprise,驚き
surprised,驚きました
surprising,驚くべき
surprisingly,意外と
surround,囲む
survey,調査
survival,生存
survive,生き残ります
survivor,生存者
suspect,容疑者
sustain,サスティーン
swear,誓う
sweep,掃く
sweet,甘い
swim,泳ぐ
swing,スイング
switch,スイッチ
symbol,シンボル
symptom,症状
system,システム
table,テーブル
tablespoon,テーブルスプーン
tactic,タクティック
tail,尾
take,取る
tale,物語
talent,才能
talk,トーク
tall,背が高いです
tank,タンク
tap,タップ
tape,テープ
target,目標
task,仕事
taste,味
tax,税金
taxpayer,納税者
tea,お茶
teach,教える
teacher,先生
teaching,教育
team,チーム
tear,涙
teaspoon,ティースプーン
technical,テクニカル
technique,技術
technology,技術
teen,ティーン
teenager,ティーンエイジャー
telephone,電話
telescope,望遠鏡
television,テレビ
tell,伝えます
temperature,温度
temporary,一時的
ten,十
tend,傾向があります
tendency,傾向
tennis,テニス
tension,テンション
tent,テント
term,期間
terms,条項
terrible,ひどいです
territory,地域
terror,テロ
terrorism,テロ
terrorist,テロリスト
test,テスト
testify,証言します
testimony,証言
testing,テスティング
text,テキスト
than,より
thank,感謝
thanks,感謝
that,それ
the,インクルード
theater,劇場
their,彼らの
them,それら
theme,テーマ
themselves,自分自身
then,それから
theory,理論
therapy,治療
there,そこ
therefore,故に
these,これら
they,彼ら
thick,厚い
thin,薄い
thing,事
think,考えます
thinking,考え
third,三番
thirty,30
this,この
those,それら
though,にもかかわらず
thought,思想
thousand,千
threat,脅威
threaten,脅かす
three,三
throat,喉
through,使って
throughout,ずっと
throw,スロー
thus,こうして
ticket,チケット
tie,ネクタイ
tight,タイト
time,時間
tiny,小さな
tip,ヒント
tire,タイヤ
tired,疲れました
tissue,組織
title,題名
to,に
tobacco,タバコ
today,今日
toe,足の指
together,一緒
tomato,トマト
tomorrow,明日
tone,トーン
tongue,舌
tonight,今晩
too,余りに
tool,ツール
tooth,歯
top,上
topic,トピック
toss,投げ捨てる
total,トータル
totally,全く
touch,接する
tough,タフ
tour,旅行
tourist,ツーリスト
tournament,トーナメント
toward,方へ
towards,向かって
tower,タワー
town,町
toy,おもちゃ
trace,痕跡
track,追跡
trade,トレード
tradition,伝統
traditional,伝統的な
traffic,トラフィック
tragedy,悲劇
trail,トレイル
train,列車
training,トレーニング
transfer,転送
transform,変換
transformation,変換
transition,遷移
translate,訳します
transportation,交通
travel,トラベル
treat,御馳走
treatment,処理
treaty,条約
tree,木
tremendous,凄まじいです
trend,傾向
trial,トライアル
tribe,部族
trick,騙す
trip,旅行
troop,部隊
trouble,トラブル
truck,トラック
TRUE,TRUE
truly,真に
trust,信頼
truth,真実
try,試します
tube,チューブ
tunnel,トンネル
turn,順番
TV,テレビ
twelve,12
twenty,二十
twice,二回
twin,ツイン
two,二
type,タイプ
typical,典型的な
typically,一般的に
ugly,醜い
ultimate,究極
ultimately,最終的には
unable,できません
uncle,おじさん
under,下
undergo,経験します
understand,理解する
understanding,理解
unfortunately,不運にも
uniform,ユニフォーム
union,連合
unique,ユニーク
unit,単位
United,ユナイテッド
universal,ユニバーサル
universe,宇宙
university,大学
unknown,わからない
unless,ない限り、
unlike,異なり、
unlikely,そう
until,まで
unusual,珍しいです
up,アップ
upon,に
upper,アッパー
urban,都市
urge,衝動
us,我ら
use,使用する
used,中古
useful,有用
user,ユーザー
usual,一般
usually,通常
utility,ユーティリティ
vacation,休暇
valley,谷
valuable,貴重
value,値
variable,変数
variation,変化
variety,多様
various,諸
vary,変わります
vast,莫大
vegetable,野菜
vehicle,車両
venture,ベンチャー
version,バージョン
versus,対
very,非常に
vessel,容器
veteran,ベテラン
via,経由
victim,犠牲者
victory,勝利
video,ビデオ
view,見る
viewer,ビューア
village,村
violate,犯します
violation,違反
violence,暴力
violent,激しいです
virtually,実際に
virtue,美徳
virus,ウイルス
visible,目に見えます
vision,ビジョン
visit,訪問
visitor,ビジター
visual,ビジュアル
vital,肝要
voice,ボイス
volume,ボリューム
volunteer,ボランティア
vote,投票
voter,有権者
vs,対
vulnerable,脆弱
wage,工賃
wait,待つ
wake,ウェイク
walk,歩く
wall,壁
wander,ワンダ
want,欲しいです
war,戦争
warm,暖かいです
warn,警告します
warning,警告
wash,ウォッシュ
waste,無駄
watch,見る
water,水
wave,波
way,仕方
we,私達
weak,弱い
wealth,富
wealthy,豊か
weapon,武器
wear,着る
weather,天気
wedding,結婚式
week,週間
weekend,週末
weekly,ウィークリー
weigh,量ります
weight,重量
welcome,ようこそ
welfare,福祉
well,上手
west,西
western,西洋の
wet,ぬれました
what,何
whatever,なんでも
wheel,ホイール
when,いつ
whenever,都度
where,どこ
whereas,一方、
whether,かどうか
which,これ
while,同時に
whisper,囁き
white,白い
who,WHO
whole,全体
whom,誰
whose,その
why,なぜ
wide,ワイド
widely,広く
widespread,広範
wife,妻
wild,野生
will,意志
willing,喜んで
win,勝つ
wind,風
window,窓
wine,ワイン
wing,羽
winner,勝者
winter,冬
wipe,ワイプ
wire,ワイヤー
wisdom,知恵
wise,賢い
wish,願い
with,とともに
withdraw,取り下げます
within,以内に
without,無し
witness,証人
woman,女性
wonder,ワンダー
wonderful,素晴らしい
wood,木材
wooden,木製
word,語
work,作業
worker,ワーカー
working,ワーキング
works,ワークス
workshop,工房
world,世界
worried,心配
worry,心配
worth,価値
would,でしょう
wound,創傷
wrap,ラップ
write,書く
writer,ライター
writing,書き込み
wrong,違う
yard,ヤード
yeah,ええ
year,年
yell,エール
yellow,黄
yes,はい
yesterday,昨日
yet,未だ
yield,産出
you,君は
young,若い
your,君の
yours,あなたのもの
yourself,自分自身
youth,若者
zone,ゾーン
